cell,family,scen,delta,M,cov_P1,cov_probe,cov_diff,diff,q_transition,diff_mcse_paired,width_P1,width_probe
core_S1_d1_M3,core,1,0.0,3,0.99198,0.93932,P2-P1,-0.05265999999999993,0.05265999999999993,0.0007063067633825966,5.241563459024992,1.7749302638671764
core_S1_d1_M3,core,1,0.0,3,0.99198,0.99984,P3-P1,0.007859999999999978,,0.0002860069929215031,5.241563459024992,5.93653250942596
core_S1_d1_M5,core,1,0.0,5,0.95585,0.93599,P2-P1,-0.01985999999999999,0.01985999999999999,0.0004411981459616527,1.0641225765973665,0.9283669340214799
core_S1_d1_M5,core,1,0.0,5,0.95585,0.9925,P3-P1,0.03665000000000007,,0.0007186793443532377,1.0641225765973665,1.162163707979748
core_S1_d1_M10,core,1,0.0,10,0.94165,0.93758,P2-P1,-0.004070000000000018,0.004070000000000018,0.00020133144563132748,0.5626562183338092,0.5519577242146126
core_S1_d1_M10,core,1,0.0,10,0.94165,0.97723,P3-P1,0.035580000000000056,,0.0009006664199358152,0.5626562183338092,0.5925818797945501
core_S1_d1_M30,core,1,0.0,30,0.94322,0.94293,P2-P1,-0.00028999999999990145,0.00028999999999990145,5.3843839016167997e-05,0.29484749509334296,0.29439012614698246
core_S1_d1_M30,core,1,0.0,30,0.94322,0.96062,P3-P1,0.017400000000000082,,0.000980612053770501,0.29484749509334296,0.300946375665846
core_S1_d1_M100,core,1,0.0,100,0.94722,0.9472,P2-P1,-1.999999999990898e-05,1.999999999990898e-05,1.4141994201635419e-05,0.1581157844533584,0.15809582521142668
core_S1_d1_M100,core,1,0.0,100,0.94722,0.95304,P3-P1,0.005820000000000047,,0.0009986991538997124,0.1581157844533584,0.15919297073433827
core_S1_d1_M300,core,1,0.0,300,0.94917,0.94916,P2-P1,-9.99999999995449e-06,9.99999999995449e-06,9.999949999852244e-06,0.09079823694383642,0.09079699870944229
core_S1_d1_M300,core,1,0.0,300,0.94917,0.95112,P3-P1,0.0019500000000000073,,0.000998548947222919,0.09079823694383642,0.09100707277840549
core_S1_d2_M3,core,1,0.5,3,0.99269,0.93977,P2-P1,-0.05291999999999997,0.05291999999999997,0.0007079510830558844,5.254239790167104,1.7792228006178652
core_S1_d2_M3,core,1,0.5,3,0.99269,0.99894,P3-P1,0.006250000000000089,,0.00028930952282978843,5.254239790167104,8.355230293263507
core_S1_d2_M5,core,1,0.5,5,0.95698,0.93707,P2-P1,-0.019910000000000094,0.019910000000000094,0.0004417419144704302,1.0682379799390802,0.9319573139895705
core_S1_d2_M5,core,1,0.5,5,0.95698,0.98816,P3-P1,0.031179999999999986,,0.0007406753674856475,1.0682379799390802,1.7270880479370818
core_S1_d2_M10,core,1,0.5,10,0.94168,0.93766,P2-P1,-0.0040199999999999125,0.0040199999999999125,0.00020009596697584666,0.5620067258385185,0.5513205813413733
core_S1_d2_M10,core,1,0.5,10,0.94168,0.98703,P3-P1,0.04535,,0.000844334057112468,0.5620067258385185,0.9351242213589915
core_S1_d2_M30,core,1,0.5,30,0.94376,0.94339,P2-P1,-0.0003700000000000925,0.0003700000000000925,6.081637115120338e-05,0.29490088167566614,0.2944434299157654
core_S1_d2_M30,core,1,0.5,30,0.94376,0.99347,P3-P1,0.04970999999999992,,0.0007922752047110901,0.29490088167566614,0.5082521028880496
core_S1_d2_M100,core,1,0.5,100,0.94696,0.94693,P2-P1,-2.999999999997449e-05,2.999999999997449e-05,1.7320248266111686e-05,0.15808001687922327,0.15806006215229726
core_S1_d2_M100,core,1,0.5,100,0.94696,0.99763,P3-P1,0.05066999999999999,,0.0007443789357578568,0.15808001687922327,0.27824478142799397
core_S1_d2_M300,core,1,0.5,300,0.94954,0.94954,P2-P1,0.0,0.0,0.0,0.09081467918883644,0.09081344073021601
core_S1_d2_M300,core,1,0.5,300,0.94954,0.99896,P3-P1,0.04941999999999991,,0.0007176350047203653,0.09081467918883644,0.16112903780262652
core_S2_d1_M3,core,2,0.0,3,0.99043,0.92605,P2-P1,-0.06437999999999999,0.06437999999999999,0.0007761134942777376,7.886313891869619,2.670511824660669
core_S2_d1_M3,core,2,0.0,3,0.99043,0.99983,P3-P1,0.009399999999999964,,0.0003120897306865424,7.886313891869619,9.710624166029977
core_S2_d1_M5,core,2,0.0,5,0.9416857062376764,0.9176426402929486,P2-P1,-0.024043065944727826,0.024043065944727826,0.00038325075672320007,1.691658439770536,1.475844788636185
core_S2_d1_M5,core,2,0.0,5,0.9416857062376764,0.9937779725204219,P3-P1,0.052092266282745436,,0.0006355868058136029,1.691658439770536,1.969915793011206
core_S2_d1_M10,core,2,0.0,10,0.92703,0.92262,P2-P1,-0.004410000000000025,0.004410000000000025,0.00020953643835858293,0.9486124739223689,0.9305753055005778
core_S2_d1_M10,core,2,0.0,10,0.92703,0.98144,P3-P1,0.05440999999999996,,0.000956713123146119,0.9486124739223689,1.0439938523653212
core_S2_d1_M30,core,2,0.0,30,0.93434,0.93395,P2-P1,-0.00039000000000000146,0.00039000000000000146,6.24378010503254e-05,0.5314106101900514,0.5305862833264623
core_S2_d1_M30,core,2,0.0,30,0.93434,0.96364,P3-P1,0.029300000000000104,,0.001010049503737317,0.5314106101900514,0.5536375953523496
core_S2_d1_M100,core,2,0.0,100,0.94392,0.94388,P2-P1,-3.999999999992898e-05,3.999999999992898e-05,1.9999599995982164e-05,0.29555078066725854,0.29551347275676226
core_S2_d1_M100,core,2,0.0,100,0.94392,0.95587,P3-P1,0.011950000000000016,,0.0010010494493280545,0.29555078066725854,0.2998521721718335
core_S2_d1_M300,core,2,0.0,300,0.94735,0.94734,P2-P1,-1.0000000000065512e-05,1.0000000000065512e-05,9.999949999907754e-06,0.17193518483924397,0.17193284012345875
core_S2_d1_M300,core,2,0.0,300,0.94735,0.95185,P3-P1,0.0044999999999999485,,0.0010039920318408906,0.17193518483924397,0.1728340173177618
core_S2_d2_M3,core,2,0.5,3,0.99111,0.92883,P2-P1,-0.06228,0.06228,0.0007642067887685897,7.8954900565040855,2.673619113629555
core_S2_d2_M3,core,2,0.5,3,0.99111,0.99875,P3-P1,0.00763999999999998,,0.00031843366656181027,7.8954900565040855,11.146028660351517
core_S2_d2_M5,core,2,0.5,5,0.9419674771295832,0.918265188716239,P2-P1,-0.023702288413344208,0.023702288413344208,0.0001932413585807762,1.6902335944051776,1.4746017181926254
core_S2_d2_M5,core,2,0.5,5,0.9419674771295832,0.9780211622964496,P3-P1,0.03605368516686647,,0.00035932682088415826,1.6902335944051776,2.312610571093059
core_S2_d2_M10,core,2,0.5,10,0.9252675616189788,0.9206951921715275,P2-P1,-0.004572369447451319,0.004572369447451319,0.00010451982402976819,0.9482103622191382,0.9301808396556033
core_S2_d2_M10,core,2,0.5,10,0.9252675616189788,0.9661068614344039,P3-P1,0.04083929981542511,,0.0005106098814613027,0.9482103622191382,1.2565650342134593
core_S2_d2_M30,core,2,0.5,30,0.93522,0.93479,P2-P1,-0.00043000000000004146,0.00043000000000004146,6.5560285234282e-05,0.5314046465017616,0.5305803288890761
core_S2_d2_M30,core,2,0.5,30,0.93522,0.97201,P3-P1,0.03678999999999999,,0.0009631718434422789,0.5314046465017616,0.6841713572121154
core_S2_d2_M100,core,2,0.5,100,0.94336,0.94331,P2-P1,-4.999999999999449e-05,4.999999999999449e-05,2.23601207510144e-05,0.2953738208766469,0.29533653530410564
core_S2_d2_M100,core,2,0.5,100,0.94336,0.97961,P3-P1,0.036250000000000004,,0.0008776673629570609,0.2953738208766469,0.3755318283491742
core_S2_d2_M300,core,2,0.5,300,0.9472,0.9472,P2-P1,0.0,0.0,0.0,0.17197130091421645,0.17196895570590884
core_S2_d2_M300,core,2,0.5,300,0.9472,0.98305,P3-P1,0.03584999999999994,,0.0008351646544245031,0.17197130091421645,0.21772981999002464
core_S3_d1_M3,core,3,0.0,3,0.99051,0.92505,P2-P1,-0.06545999999999996,0.06545999999999996,0.0007821444137753587,7.970437682348331,2.6989983369005994
core_S3_d1_M3,core,3,0.0,3,0.99051,0.99981,P3-P1,0.009299999999999975,,0.00031112698372207944,7.970437682348331,10.013396014771633
core_S3_d1_M5,core,3,0.0,5,0.93793,0.91271,P2-P1,-0.02522000000000002,0.02522000000000002,0.0004958220608242438,1.7190889086712653,1.4997758101859484
core_S3_d1_M5,core,3,0.0,5,0.93793,0.98929,P3-P1,0.05135999999999996,,0.0008531119504496453,1.7190889086712653,2.0498139535629543
core_S3_d1_M10,core,3,0.0,10,0.9205,0.91582,P2-P1,-0.0046800000000000175,0.0046800000000000175,0.00021582626346207303,0.9784728994775628,0.95986795702824
core_S3_d1_M10,core,3,0.0,10,0.9205,0.96824,P3-P1,0.047740000000000005,,0.001054798558967541,0.9784728994775628,1.1097597405020625
core_S3_d1_M30,core,3,0.0,30,0.92884,0.92836,P2-P1,-0.00048000000000003595,0.00048000000000003595,6.926540261920347e-05,0.564376707227482,0.563501243185119
core_S3_d1_M30,core,3,0.0,30,0.92884,0.95126,P3-P1,0.022419999999999995,,0.0010949885844153805,0.564376707227482,0.6072248537284666
core_S3_d1_M100,core,3,0.0,100,0.93702,0.93698,P2-P1,-3.999999999992898e-05,3.999999999992898e-05,1.9999599995982164e-05,0.32333616684604893,0.3232953515359162
core_S3_d1_M100,core,3,0.0,100,0.93702,0.94817,P3-P1,0.011149999999999993,,0.0010714942836991715,0.32333616684604893,0.33921025021063694
core_S3_d1_M300,core,3,0.0,300,0.9429,0.94289,P2-P1,-9.99999999995449e-06,9.99999999995449e-06,9.999949999852244e-06,0.1932777426713378,0.19327510690266372
core_S3_d1_M300,core,3,0.0,300,0.9429,0.95105,P3-P1,0.00814999999999999,,0.001029805806936435,0.1932777426713378,0.20094092820773288
core_S3_d2_M3,core,3,0.5,3,0.99034,0.92448,P2-P1,-0.06586000000000003,0.06586000000000003,0.0007843625462756366,7.985926580846263,2.7042432824045237
core_S3_d2_M3,core,3,0.5,3,0.99034,0.9981,P3-P1,0.007759999999999989,,0.0003400000000000002,7.985926580846263,12.14276832589409
core_S3_d2_M5,core,3,0.5,5,0.93873,0.9139,P2-P1,-0.024829999999999908,0.024829999999999908,0.0004920718555251856,1.7199899817402684,1.5005619286846978
core_S3_d2_M5,core,3,0.5,5,0.93873,0.97058,P3-P1,0.031850000000000045,,0.0009523129737644024,1.7199899817402684,2.5650216464574083
core_S3_d2_M10,core,3,0.5,10,0.920771,0.915934,P2-P1,-0.00483699999999998,0.00483699999999998,6.938013715033994e-05,0.9803366922932252,0.9616963111944608
core_S3_d2_M10,core,3,0.5,10,0.920771,0.957384,P3-P1,0.03661300000000001,,0.0003490630315573392,0.9803366922932252,1.442688075681761
core_S3_d2_M30,core,3,0.5,30,0.92944,0.92895,P2-P1,-0.0004899999999999904,0.0004899999999999904,6.998284789860945e-05,0.5653069848655674,0.5644300777717617
core_S3_d2_M30,core,3,0.5,30,0.92944,0.96686,P3-P1,0.03742000000000001,,0.0010183319694480769,0.5653069848655674,0.8198528175514577
core_S3_d2_M100,core,3,0.5,100,0.93797,0.93796,P2-P1,-9.99999999995449e-06,9.99999999995449e-06,9.999949999852244e-06,0.323878259217283,0.32383737547784813
core_S3_d2_M100,core,3,0.5,100,0.93797,0.97951,P3-P1,0.04154000000000002,,0.0009084051959340619,0.323878259217283,0.46473726641617713
core_S3_d2_M300,core,3,0.5,300,0.94419,0.94419,P2-P1,0.0,0.0,0.0,0.19304795319302598,0.1930453205580386
core_S3_d2_M300,core,3,0.5,300,0.94419,0.98693,P3-P1,0.04274,,0.0008299397568498574,0.19304795319302598,0.27538843608919794
core_S4_d1_M3,core,4,0.0,3,0.99026,0.92276,P2-P1,-0.0675,0.0675,0.0007933709724964734,12.82440860289314,4.34267964576122
core_S4_d1_M3,core,4,0.0,3,0.99026,0.99987,P3-P1,0.009610000000000007,,0.0003141655614480973,12.82440860289314,16.307650550039504
core_S4_d1_M5,core,4,0.0,5,0.93924,0.91442,P2-P1,-0.024819999999999953,0.024819999999999953,0.000491975279866783,2.817596247829211,2.4581408640645352
core_S4_d1_M5,core,4,0.0,5,0.93924,0.99449,P3-P1,0.05525000000000002,,0.0008140638795573725,2.817596247829211,3.3539402637434845
core_S4_d1_M10,core,4,0.0,10,0.92099,0.91618,P2-P1,-0.004809999999999981,0.004809999999999981,0.00021878902851834184,1.6256957569495976,1.5947843479424555
core_S4_d1_M10,core,4,0.0,10,0.92099,0.98242,P3-P1,0.061429999999999985,,0.0009828021163998373,1.6256957569495976,1.813013139027432
core_S4_d1_M30,core,4,0.0,30,0.93268,0.93229,P2-P1,-0.00039000000000000146,0.00039000000000000146,6.24378010503254e-05,0.9287184355777639,0.9272778027780472
core_S4_d1_M30,core,4,0.0,30,0.93268,0.96584,P3-P1,0.03316000000000008,,0.0010073728207570423,0.9287184355777639,0.9726017521989828
core_S4_d1_M100,core,4,0.0,100,0.94426,0.94423,P2-P1,-2.999999999997449e-05,2.999999999997449e-05,1.7320248266111686e-05,0.5226288043012892,0.5225628319204698
core_S4_d1_M100,core,4,0.0,100,0.94426,0.95729,P3-P1,0.013029999999999986,,0.000992219733728372,0.5226288043012892,0.5311374265284332
core_S4_d1_M300,core,4,0.0,300,0.94711,0.94711,P2-P1,0.0,0.0,0.0,0.3056904367198317,0.3056862679559279
core_S4_d1_M300,core,4,0.0,300,0.94711,0.95213,P3-P1,0.0050200000000000244,,0.0010037928073063681,0.3056904367198317,0.307473634299688
core_S4_d2_M3,core,4,0.5,3,0.98969,0.92294,P2-P1,-0.06674999999999998,0.06674999999999998,0.0007892682528773089,12.831136727298112,4.344957964380998
core_S4_d2_M3,core,4,0.5,3,0.98969,0.99917,P3-P1,0.009480000000000044,,0.00033376638536557494,12.831136727298112,17.200075444877797
core_S4_d2_M5,core,4,0.5,5,0.93821,0.91324,P2-P1,-0.024969999999999937,0.024969999999999937,0.0004934217171953413,2.8204130972250057,2.4605983533563576
core_S4_d2_M5,core,4,0.5,5,0.93821,0.98353,P3-P1,0.04532000000000003,,0.0008846468221838588,2.8204130972250057,3.56657555867128
core_S4_d2_M10,core,4,0.5,10,0.92036,0.91618,P2-P1,-0.0041799999999999615,0.0041799999999999615,0.00020402273402736178,1.622788569354114,1.591932438380663
core_S4_d2_M10,core,4,0.5,10,0.92036,0.96712,P3-P1,0.046760000000000024,,0.0010607544484940892,1.622788569354114,1.9398603151112472
core_S4_d2_M30,core,4,0.5,30,0.93337,0.93297,P2-P1,-0.00040000000000006697,0.00040000000000006697,6.323290282756808e-05,0.9298546796277254,0.9284122842804119
core_S4_d2_M30,core,4,0.5,30,0.93337,0.9637,P3-P1,0.030329999999999968,,0.0010145442326483353,0.9298546796277254,1.0532567792980292
core_S4_d2_M100,core,4,0.5,100,0.94278,0.94275,P2-P1,-2.999999999997449e-05,2.999999999997449e-05,1.7320248266111686e-05,0.5224995115604892,0.5224335555005267
core_S4_d2_M100,core,4,0.5,100,0.94278,0.96544,P3-P1,0.022660000000000013,,0.0009580187889597988,0.5224995115604892,0.5768741034316779
core_S4_d2_M300,core,4,0.5,300,0.94787,0.94787,P2-P1,0.0,0.0,0.0,0.30567665590791376,0.3056724873319417
core_S4_d2_M300,core,4,0.5,300,0.94787,0.96746,P3-P1,0.019589999999999996,,0.0009201630290334425,0.30567665590791376,0.33474319468726027
core_S5_d1_M3,core,5,0.0,3,0.98956,0.92261,P2-P1,-0.06694999999999995,0.06694999999999995,0.0007903650896895684,12.903602450352063,4.36949675055557
core_S5_d1_M3,core,5,0.0,3,0.98956,0.99984,P3-P1,0.010279999999999956,,0.0003255764119219966,12.903602450352063,16.484669213820283
core_S5_d1_M5,core,5,0.0,5,0.93727,0.91099,P2-P1,-0.02628000000000008,0.02628000000000008,0.0005058592847818459,2.8324815427390013,2.4711271646104707
core_S5_d1_M5,core,5,0.0,5,0.93727,0.99238,P3-P1,0.05510999999999999,,0.0008387490685538787,2.8324815427390013,3.4025133681097697
core_S5_d1_M10,core,5,0.0,10,0.919244,0.914387,P2-P1,-0.004857,0.004857,6.952272686683112e-05,1.639794140636625,1.6086146612340078
core_S5_d1_M10,core,5,0.0,10,0.919244,0.977557,P3-P1,0.05831300000000006,,0.0003212460116483939,1.639794140636625,1.847288390816338
core_S5_d1_M30,core,5,0.0,30,0.9303,0.92988,P2-P1,-0.00041999999999997595,0.00041999999999997595,6.479379599930659e-05,0.9486099518057721,0.9471384631840795
core_S5_d1_M30,core,5,0.0,30,0.9303,0.95967,P3-P1,0.029370000000000007,,0.0010489518578085462,0.9486099518057721,1.0050509732691038
core_S5_d1_M100,core,5,0.0,100,0.94215,0.94212,P2-P1,-3.0000000000085514e-05,3.0000000000085514e-05,1.7320248266143734e-05,0.539177782631931,0.5391097212435948
core_S5_d1_M100,core,5,0.0,100,0.94215,0.95409,P3-P1,0.01193999999999995,,0.0010186265262597466,0.539177782631931,0.5547843923537001
core_S5_d1_M300,core,5,0.0,300,0.94635,0.94635,P2-P1,0.0,0.0,0.0,0.31845908432422143,0.3184547414316212
core_S5_d1_M300,core,5,0.0,300,0.94635,0.95258,P3-P1,0.006229999999999958,,0.0010053357648069621,0.31845908432422143,0.3244404432488775
core_S5_d2_M3,core,5,0.5,3,0.98954,0.92159,P2-P1,-0.06794999999999995,0.06794999999999995,0.0007958190592088126,12.900969802369652,4.368605267200534
core_S5_d2_M3,core,5,0.5,3,0.98954,0.99896,P3-P1,0.009419999999999984,,0.0003391164991562643,12.900969802369652,17.84863196317643
core_S5_d2_M5,core,5,0.5,5,0.93687,0.91111,P2-P1,-0.025760000000000005,0.025760000000000005,0.0005009632960606994,2.836960442540045,2.475034667907111
core_S5_d2_M5,core,5,0.5,5,0.93687,0.9768,P3-P1,0.03993000000000002,,0.0009291393867445294,2.836960442540045,3.73186748935393
core_S5_d2_M10,core,5,0.5,10,0.919213,0.914414,P2-P1,-0.004798999999999998,0.004798999999999998,6.910839022144849e-05,1.6396023093031133,1.6084264774321966
core_S5_d2_M10,core,5,0.5,10,0.919213,0.956916,P3-P1,0.03770300000000004,,0.00035195312187846843,1.6396023093031133,2.0578833158649337
core_S5_d2_M30,core,5,0.5,30,0.92935,0.92895,P2-P1,-0.00039999999999995595,0.00039999999999995595,6.323290282755932e-05,0.9500854850694732,0.9486117075930153
core_S5_d2_M30,core,5,0.5,30,0.92935,0.95618,P3-P1,0.02683000000000002,,0.0010699065379742281,0.9500854850694732,1.1459333545620973
core_S5_d2_M100,core,5,0.5,100,0.94144,0.94143,P2-P1,-1.0000000000065512e-05,1.0000000000065512e-05,9.999949999907754e-06,0.5395243632409534,0.5394562581031194
core_S5_d2_M100,core,5,0.5,100,0.94144,0.96594,P3-P1,0.024499999999999966,,0.0009623928511787684,0.5395243632409534,0.6389293504919837
core_S5_d2_M300,core,5,0.5,300,0.94558,0.94557,P2-P1,-9.99999999995449e-06,9.99999999995449e-06,9.999949999852244e-06,0.3185674393545454,0.3185630949842852
core_S5_d2_M300,core,5,0.5,300,0.94558,0.97241,P3-P1,0.02683000000000002,,0.0009055937278934737,0.3185674393545454,0.37526331520922956
D1_S1_d1_M3,D1,1,0.0,3,0.9921,0.9413,P2-P1,-0.050799999999999956,0.050799999999999956,0.0015527292101329187,5.204982242314195,1.7625429086178024
D1_S1_d1_M3,D1,1,0.0,3,0.9921,0.99985,P3-P1,0.007750000000000035,,0.0006344288770224717,5.204982242314195,5.906539069678267
D1_S1_d1_M5,D1,1,0.0,5,0.9566,0.9358,P2-P1,-0.02080000000000004,0.02080000000000004,0.0010091422099981755,1.0536127588576674,0.919197908303289
D1_S1_d1_M5,D1,1,0.0,5,0.9566,0.99275,P3-P1,0.036150000000000015,,0.001591383046283956,1.0536127588576674,1.148722907670966
D1_S1_d1_M10,D1,1,0.0,10,0.94285,0.93815,P2-P1,-0.0046999999999999265,0.0046999999999999265,0.00048362743925463574,0.5595165052607013,0.5488777104761146
D1_S1_d1_M10,D1,1,0.0,10,0.94285,0.9792,P3-P1,0.03634999999999999,,0.0019742087022399627,0.5595165052607013,0.5894094272278981
D1_S1_d1_M30,D1,1,0.0,30,0.9426,0.9423,P2-P1,-0.00029999999999996696,0.00029999999999996696,0.0001224561145880366,0.2948030564774261,0.29434575646447453
D1_S1_d1_M30,D1,1,0.0,30,0.9426,0.96,P3-P1,0.01739999999999997,,0.0022068076490713903,0.2948030564774261,0.30101953824499345
D1_S1_d1_M100,D1,1,0.0,100,0.9481,0.9481,P2-P1,0.0,0.0,0.0,0.15810728944562563,0.1580873312760342
D1_S1_d1_M100,D1,1,0.0,100,0.9481,0.9543,P3-P1,0.006199999999999983,,0.002209072203437451,0.15810728944562563,0.15915963143819722
D1_S1_d2_M3,D1,1,0.5,3,0.9917,0.93945,P2-P1,-0.05225000000000002,0.05225000000000002,0.001573530068031749,5.174459386667061,1.7522070726308383
D1_S1_d2_M3,D1,1,0.5,3,0.9917,0.9986,P3-P1,0.006900000000000017,,0.0006964194138592075,5.174459386667061,8.302748944984614
D1_S1_d2_M5,D1,1,0.5,5,0.95805,0.9373,P2-P1,-0.020749999999999935,0.020749999999999935,0.0010079543020395302,1.063807741998685,0.9280922645073375
D1_S1_d2_M5,D1,1,0.5,5,0.95805,0.98885,P3-P1,0.03080000000000005,,0.0016294170736800347,1.063807741998685,1.7236681868295087
D1_S1_d2_M10,D1,1,0.5,10,0.9407,0.93575,P2-P1,-0.00495000000000001,0.00495000000000001,0.0004962608940869716,0.561311695648257,0.5506387666389372
D1_S1_d2_M10,D1,1,0.5,10,0.9407,0.98675,P3-P1,0.046050000000000035,,0.0019045996954740923,0.561311695648257,0.9366851603739366
D1_S1_d2_M30,D1,1,0.5,30,0.94605,0.94575,P2-P1,-0.00029999999999996696,0.00029999999999996696,0.0001224561145880366,0.2951245140365081,0.29466671537694245
D1_S1_d2_M30,D1,1,0.5,30,0.94605,0.99435,P3-P1,0.04830000000000001,,0.0017262676501632083,0.2951245140365081,0.508205126290598
D1_S1_d2_M100,D1,1,0.5,100,0.94745,0.94745,P2-P1,0.0,0.0,0.0,0.15791935031153304,0.15789941586583897
D1_S1_d2_M100,D1,1,0.5,100,0.94745,0.99805,P3-P1,0.05059999999999998,,0.0016507574019219177,0.15791935031153304,0.27814078431167594
D1_S2_d1_M3,D1,2,0.0,3,0.99005,0.92775,P2-P1,-0.06230000000000002,0.06230000000000002,0.0017090744571258447,7.872263183432777,2.6657538878679
D1_S2_d1_M3,D1,2,0.0,3,0.99005,0.99995,P3-P1,0.00990000000000002,,0.0007071067811865478,7.872263183432777,9.698308989643106
D1_S2_d1_M5,D1,2,0.0,5,0.93905,0.91355,P2-P1,-0.025500000000000078,0.025500000000000078,0.001114669233449997,1.6796807866559742,1.4653951869236688
D1_S2_d1_M5,D1,2,0.0,5,0.93905,0.9939,P3-P1,0.054849999999999954,,0.001830983342360056,1.6796807866559742,1.959574260704386
D1_S2_d1_M10,D1,2,0.0,10,0.9246345493835006,0.9204652345239609,P2-P1,-0.004169314859539752,0.004169314859539752,0.00022973148708968797,0.9494470786706283,0.9313940408534583
D1_S2_d1_M10,D1,2,0.0,10,0.9246345493835006,0.9811236811999492,P3-P1,0.056489131816448546,,0.0010945034646817986,0.9494470786706283,1.0448411058090439
D1_S2_d1_M30,D1,2,0.0,30,0.9355,0.93515,P2-P1,-0.00034999999999996145,0.00034999999999996145,0.0001322644132032425,0.5320816021274797,0.5312562344177564
D1_S2_d1_M30,D1,2,0.0,30,0.9355,0.9651,P3-P1,0.02959999999999996,,0.002229349680960797,0.5320816021274797,0.5549324512071377
D1_S2_d1_M100,D1,2,0.0,100,0.94695,0.9469,P2-P1,-4.999999999999449e-05,4.999999999999449e-05,4.999874998437186e-05,0.2953008339325079,0.2952635575732408
D1_S2_d1_M100,D1,2,0.0,100,0.94695,0.95875,P3-P1,0.011800000000000033,,0.002171405075060847,0.2953008339325079,0.2994570002608217
D1_S2_d2_M3,D1,2,0.5,3,0.9916,0.92565,P2-P1,-0.06595000000000006,0.06595000000000006,0.00175500138888834,7.8941997134656425,2.6731821697811005
D1_S2_d2_M3,D1,2,0.5,3,0.9916,0.9986,P3-P1,0.007000000000000006,,0.0006999999999999932,7.8941997134656425,11.201328025808412
D1_S2_d2_M5,D1,2,0.5,5,0.9418189652749805,0.9182161937681689,P2-P1,-0.02360277150681167,0.02360277150681167,0.00026825269786004966,1.6867812300651106,1.471589789897897
D1_S2_d2_M5,D1,2,0.5,5,0.9418189652749805,0.9784237133070421,P3-P1,0.036604748032061596,,0.0004990391393773518,1.6867812300651106,2.3087875338895762
D1_S2_d2_M10,D1,2,0.5,10,0.9244789575710304,0.9199366834516696,P2-P1,-0.004542274119360812,0.004542274119360812,0.00022773886794496482,0.948638519679858,0.9306008560171465
D1_S2_d2_M10,D1,2,0.5,10,0.9244789575710304,0.965692065931797,P3-P1,0.04121310836076664,,0.0011223997081233836,0.948638519679858,1.2570283193402532
D1_S2_d2_M30,D1,2,0.5,30,0.93745,0.9371,P2-P1,-0.00034999999999996145,0.00034999999999996145,0.0001322644132032425,0.5308566704049569,0.530033202815603
D1_S2_d2_M30,D1,2,0.5,30,0.93745,0.97165,P3-P1,0.03420000000000001,,0.0021319005605327838,0.5308566704049569,0.6841396706348086
D1_S2_d2_M100,D1,2,0.5,100,0.9445,0.9445,P2-P1,0.0,0.0,0.0,0.2952209955576209,0.2951837292764965
D1_S2_d2_M100,D1,2,0.5,100,0.9445,0.97935,P3-P1,0.03485000000000005,,0.0019512816301087848,0.2952209955576209,0.3753511588675408
D1_S3_d1_M3,D1,3,0.0,3,0.9898,0.92645,P2-P1,-0.06335000000000002,0.06335000000000002,0.0017224514144091264,7.951747243528355,2.6926692662395517
D1_S3_d1_M3,D1,3,0.0,3,0.9898,0.9996,P3-P1,0.009800000000000031,,0.0007280109889280498,7.951747243528355,10.001940628687661
D1_S3_d1_M5,D1,3,0.0,5,0.93825,0.9119,P2-P1,-0.026349999999999985,0.026349999999999985,0.0011326004922301593,1.714116934338976,1.495438136436313
D1_S3_d1_M5,D1,3,0.0,5,0.93825,0.9898,P3-P1,0.051549999999999985,,0.001896707673839065,1.714116934338976,2.04160247325858
D1_S3_d1_M10,D1,3,0.0,10,0.9202208770389538,0.9158541657039878,P2-P1,-0.0043667113349660225,0.0043667113349660225,0.00031693725029540424,0.9776979920342767,0.9591077838799904
D1_S3_d1_M10,D1,3,0.0,10,0.9202208770389538,0.9675615729402522,P3-P1,0.04734069590129841,,0.001610188538794505,0.9776979920342767,1.1050382712417712
D1_S3_d1_M30,D1,3,0.0,30,0.93075,0.9304,P2-P1,-0.00034999999999996145,0.00034999999999996145,0.0001322644132032425,0.565758796586919,0.5648811886404542
D1_S3_d1_M30,D1,3,0.0,30,0.93075,0.9538,P3-P1,0.023050000000000015,,0.002402602755346793,0.565758796586919,0.6096836199248769
D1_S3_d1_M100,D1,3,0.0,100,0.9355,0.9355,P2-P1,0.0,0.0,0.0,0.32397461789675636,0.32393372199379084
D1_S3_d1_M100,D1,3,0.0,100,0.9355,0.94615,P3-P1,0.010650000000000048,,0.002432591211034028,0.32397461789675636,0.3400367403661344
D1_S3_d2_M3,D1,3,0.5,3,0.9889,0.9254,P2-P1,-0.0635,0.0635,0.0017243513273112296,7.979927149644617,2.7022117183322707
D1_S3_d2_M3,D1,3,0.5,3,0.9889,0.9978,P3-P1,0.008900000000000019,,0.0008154753215150073,7.979927149644617,12.122800504012792
D1_S3_d2_M5,D1,3,0.5,5,0.9396492582111311,0.9151230597718892,P2-P1,-0.024526198439241864,0.024526198439241864,0.0007161846862886586,1.719244710569961,1.4999117356274227
D1_S3_d2_M5,D1,3,0.5,5,0.9396492582111311,0.9711431266615214,P3-P1,0.03149386845039026,,0.0013829391495472202,1.719244710569961,2.571644807194576
D1_S3_d2_M10,D1,3,0.5,10,0.921073717948718,0.9154647435897436,P2-P1,-0.005608974358974339,0.005608974358974339,0.000498283814215555,0.9813139500906196,0.9626549871536783
D1_S3_d2_M10,D1,3,0.5,10,0.921073717948718,0.9586004273504274,P3-P1,0.037526709401709435,,0.0023143867399494237,0.9813139500906196,1.4455735882742387
D1_S3_d2_M30,D1,3,0.5,30,0.92415,0.9238,P2-P1,-0.0003500000000000725,0.0003500000000000725,0.00013226441320326348,0.566225904672954,0.5653475721460308
D1_S3_d2_M30,D1,3,0.5,30,0.92415,0.9633,P3-P1,0.03915000000000002,,0.002372235232855291,0.566225904672954,0.823387507011027
D1_S3_d2_M100,D1,3,0.5,100,0.93635,0.9363,P2-P1,-4.999999999999449e-05,4.999999999999449e-05,4.999874998437186e-05,0.3235477664242464,0.3235069244035156
D1_S3_d2_M100,D1,3,0.5,100,0.93635,0.97875,P3-P1,0.04239999999999999,,0.002060339777803651,0.3235477664242464,0.46394758801854624
D1_S4_d1_M3,D1,4,0.0,3,0.9901,0.9257,P2-P1,-0.06440000000000001,0.06440000000000001,0.0017356935213337637,12.819288865141445,4.340945968863176
D1_S4_d1_M3,D1,4,0.0,3,0.9901,0.9998,P3-P1,0.009700000000000042,,0.0007106335201775947,12.819288865141445,16.273181937484328
D1_S4_d1_M5,D1,4,0.0,5,0.9375,0.9128,P2-P1,-0.024700000000000055,0.024700000000000055,0.0010974951024947685,2.8248636498973814,2.464481125914728
D1_S4_d1_M5,D1,4,0.0,5,0.9375,0.99395,P3-P1,0.05645,,0.0018513508581573634,2.8248636498973814,3.351802840908115
D1_S4_d1_M10,D1,4,0.0,10,0.9222393978089926,0.9177868136299483,P2-P1,-0.004452584179044261,0.004452584179044261,0.00027291045692812664,1.6244876545556608,1.5935992167268969
D1_S4_d1_M10,D1,4,0.0,10,0.9222393978089926,0.9830465757107333,P3-P1,0.06080717790174073,,0.0012615087939173303,1.6244876545556608,1.8114448171019064
D1_S4_d1_M30,D1,4,0.0,30,0.9359,0.93545,P2-P1,-0.00044999999999995044,0.00044999999999995044,0.0001499662462022622,0.928325401797827,0.9268853786741252
D1_S4_d1_M30,D1,4,0.0,30,0.9359,0.96815,P3-P1,0.03225,,0.0021903196113809533,0.928325401797827,0.9712797297990524
D1_S4_d1_M100,D1,4,0.0,100,0.94265,0.94265,P2-P1,0.0,0.0,0.0,0.5222440633239473,0.5221781395096786
D1_S4_d1_M100,D1,4,0.0,100,0.94265,0.95535,P3-P1,0.012700000000000045,,0.0022583179581272413,0.5222440633239473,0.5307208988103048
D1_S4_d2_M3,D1,4,0.5,3,0.990026,0.923253,P2-P1,-0.06677299999999997,0.06677299999999997,0.0002496284568533804,12.855507410341616,4.353210514068355
D1_S4_d2_M3,D1,4,0.5,3,0.990026,0.999262,P3-P1,0.009236000000000022,,0.00010349879226348515,12.855507410341616,17.197211709752025
D1_S4_d2_M5,D1,4,0.5,5,0.9366301450992005,0.9122001776724904,P2-P1,-0.02442996742671011,0.02442996742671011,0.0009392477119326631,2.803876877603648,2.4461717451367724
D1_S4_d2_M5,D1,4,0.5,5,0.9366301450992005,0.9831951436185964,P3-P1,0.046564998519395884,,0.0017226941483891168,2.803876877603648,3.5403288963380057
D1_S4_d2_M10,D1,4,0.5,10,0.9213714941170932,0.9168560581742231,P2-P1,-0.004515435942870072,0.004515435942870072,0.00013870455423397197,1.6217110845264906,1.5908754411344728
D1_S4_d2_M10,D1,4,0.5,10,0.9213714941170932,0.967476021109128,P3-P1,0.04610452699203482,,0.0006897364871410603,1.6217110845264906,1.9367278951709914
D1_S4_d2_M30,D1,4,0.5,30,0.93235,0.93165,P2-P1,-0.0007000000000000339,0.0007000000000000339,0.00018701737887159495,0.9295800785624074,0.9281381091776746
D1_S4_d2_M30,D1,4,0.5,30,0.93235,0.9612,P3-P1,0.028850000000000042,,0.0023070543990118646,0.9295800785624074,1.0496799406471078
D1_S4_d2_M100,D1,4,0.5,100,0.94635,0.9463,P2-P1,-4.999999999999449e-05,4.999999999999449e-05,4.999874998437186e-05,0.5229669295260109,0.5229009144630318
D1_S4_d2_M100,D1,4,0.5,100,0.94635,0.968,P3-P1,0.021649999999999947,,0.0020694202086574878,0.5229669295260109,0.5771970232554526
D1_S5_d1_M3,D1,5,0.0,3,0.9903,0.92135,P2-P1,-0.06894999999999996,0.06894999999999996,0.001791590040997102,12.91324791849403,4.3727629579473515
D1_S5_d1_M3,D1,5,0.0,3,0.9903,0.99965,P3-P1,0.00935000000000008,,0.0007088723439378952,12.91324791849403,16.575318836602534
D1_S5_d1_M5,D1,5,0.0,5,0.9352,0.91065,P2-P1,-0.024550000000000072,0.024550000000000072,0.0010942416894818088,2.8230301689189,2.4628815516250606
D1_S5_d1_M5,D1,5,0.0,5,0.9352,0.99195,P3-P1,0.05674999999999997,,0.0019085334683992296,2.8230301689189,3.3896744083257135
D1_S5_d1_M10,D1,5,0.0,10,0.920110753695183,0.9152245612606377,P2-P1,-0.004886192434545356,0.004886192434545356,0.0002568950243151762,1.6372430752719687,1.6061121025007752
D1_S5_d1_M10,D1,5,0.0,10,0.920110753695183,0.9775370875578538,P3-P1,0.05742633386267082,,0.0011786436928954483,1.6372430752719687,1.8422180004166913
D1_S5_d1_M30,D1,5,0.0,30,0.93265,0.9322,P2-P1,-0.00044999999999995044,0.00044999999999995044,0.0001499662462022622,0.950443928756071,0.9489695952599283
D1_S5_d1_M30,D1,5,0.0,30,0.93265,0.96035,P3-P1,0.027700000000000058,,0.0023130067012440752,0.950443928756071,1.0066386053288103
D1_S5_d1_M100,D1,5,0.0,100,0.942,0.942,P2-P1,0.0,0.0,0.0,0.5388141515993055,0.5387461361127734
D1_S5_d1_M100,D1,5,0.0,100,0.942,0.956,P3-P1,0.014000000000000012,,0.002258317958127244,0.5388141515993055,0.5546747728099422
D1_S5_d2_M3,D1,5,0.5,3,0.9902,0.9224,P2-P1,-0.06779999999999997,0.06779999999999997,0.0017776833238797058,12.954035462326848,4.386574685403025
D1_S5_d2_M3,D1,5,0.5,3,0.9902,0.99905,P3-P1,0.008850000000000025,,0.0007331439149307602,12.954035462326848,17.8762868738458
D1_S5_d2_M5,D1,5,0.5,5,0.93815,0.91105,P2-P1,-0.027100000000000013,0.027100000000000013,0.0011481635336484087,2.8314455847385025,2.470223369151329
D1_S5_d2_M5,D1,5,0.5,5,0.93815,0.9777,P3-P1,0.039549999999999974,,0.002051219149676601,2.8314455847385025,3.72021695380027
D1_S5_d2_M10,D1,5,0.5,10,0.9225169006760271,0.9177167086683468,P2-P1,-0.004800192007680337,0.004800192007680337,0.0004371425972389358,1.6428884552280296,1.6116501397095373
D1_S5_d2_M10,D1,5,0.5,10,0.9225169006760271,0.9586383455338213,P3-P1,0.03612144485779423,,0.0021803624264829223,1.6428884552280296,2.0624017867968236
D1_S5_d2_M30,D1,5,0.5,30,0.93045,0.9302,P2-P1,-0.00024999999999997247,0.00024999999999997247,0.0001117894225765507,0.9495215284497152,0.9480486257856577
D1_S5_d2_M30,D1,5,0.5,30,0.93045,0.9555,P3-P1,0.025050000000000017,,0.0023879907872519104,0.9495215284497152,1.1437186347194286
D1_S5_d2_M100,D1,5,0.5,100,0.94115,0.94115,P2-P1,0.0,0.0,0.0,0.5382494226317053,0.538181478431934
D1_S5_d2_M100,D1,5,0.5,100,0.94115,0.9647,P3-P1,0.02354999999999996,,0.002169677395374713,0.5382494226317053,0.6373730462980755
D2_S1_d1_M5,D2,1,0.0,5,0.96155,0.94195,P2-P1,-0.019600000000000062,0.019600000000000062,0.000980199979596002,1.1600238590700762,1.0120335919196746
D2_S1_d1_M5,D2,1,0.0,5,0.96155,0.98615,P3-P1,0.024599999999999955,,0.001617096162879623,1.1600238590700762,1.2177568340065543
D2_S1_d1_M10,D2,1,0.0,10,0.9452,0.9414,P2-P1,-0.0038000000000000256,0.0038000000000000256,0.00043506091527509256,0.6132403950525113,0.6015800800211563
D2_S1_d1_M10,D2,1,0.0,10,0.9452,0.96585,P3-P1,0.020649999999999946,,0.002108909670896315,0.6132403950525113,0.6295092276510766
D2_S1_d1_M30,D2,1,0.0,30,0.9483,0.94795,P2-P1,-0.0003500000000000725,0.0003500000000000725,0.00013226441320326348,0.321844801485132,0.32134555417865496
D2_S1_d1_M30,D2,1,0.0,30,0.9483,0.95655,P3-P1,0.00824999999999998,,0.0021811694111187217,0.321844801485132,0.3247099241157582
D2_S1_d2_M5,D2,1,0.5,5,0.9608,0.9417,P2-P1,-0.019100000000000006,0.019100000000000006,0.0009678633684565195,1.1577378392887065,1.010039211552021
D2_S1_d2_M5,D2,1,0.5,5,0.9608,0.9852,P3-P1,0.024399999999999977,,0.0016431676725154989,1.1577378392887065,1.5196436758344265
D2_S1_d2_M10,D2,1,0.5,10,0.947989,0.944322,P2-P1,-0.003666999999999976,0.003666999999999976,6.044462847102277e-05,0.6138171842213695,0.6021459019682368
D2_S1_d2_M10,D2,1,0.5,10,0.947989,0.981017,P3-P1,0.03302800000000006,,0.00026644699285223694,0.6138171842213695,0.8032023068228606
D2_S1_d2_M30,D2,1,0.5,30,0.9491,0.94875,P2-P1,-0.0003500000000000725,0.0003500000000000725,0.00013226441320326348,0.32194359722383925,0.3214441966649057
D2_S1_d2_M30,D2,1,0.5,30,0.9491,0.98505,P3-P1,0.035949999999999926,,0.0018145247311624048,0.32194359722383925,0.421887698451375
D2_S3_d1_M5,D2,3,0.0,5,0.9544,0.9344,P2-P1,-0.020000000000000018,0.020000000000000018,0.000989949493661167,1.7893869720180482,1.5611055845673767
D2_S3_d1_M5,D2,3,0.0,5,0.9544,0.98525,P3-P1,0.030849999999999933,,0.0017370952766040226,1.7893869720180482,1.9475194419610489
D2_S3_d1_M10,D2,3,0.0,10,0.9386084583901774,0.9347017239240978,P2-P1,-0.003906734466079587,0.003906734466079587,0.0003473590540224315,0.9841306617259057,0.9654181410891051
D2_S3_d1_M10,D2,3,0.0,10,0.9386084583901774,0.965645541361776,P3-P1,0.02703708297159868,,0.0017229869762433092,0.9841306617259057,1.035891946588631
D2_S3_d1_M30,D2,3,0.0,30,0.94235,0.94185,P2-P1,-0.000500000000000056,0.000500000000000056,0.0001580743495953812,0.533201450707598,0.5323743458830147
D2_S3_d1_M30,D2,3,0.0,30,0.94235,0.954,P3-P1,0.011649999999999938,,0.0022765104875664423,0.533201450707598,0.5463039199757054
D2_S3_d2_M5,D2,3,0.5,5,0.9575,0.9363,P2-P1,-0.021199999999999997,0.021199999999999997,0.0010185911839398572,1.7975363431209317,1.5682152980828805
D2_S3_d2_M5,D2,3,0.5,5,0.9575,0.97735,P3-P1,0.019850000000000034,,0.0018048545647780048,1.7975363431209317,2.2605104260247524
D2_S3_d2_M10,D2,3,0.5,10,0.9402641396641241,0.9359798961596794,P2-P1,-0.004284243504444785,0.004284243504444785,0.0002173133237296247,0.984102303163217,0.9653903217436259
D2_S3_d2_M10,D2,3,0.5,10,0.9402641396641241,0.967718723361858,P3-P1,0.027454583697733903,,0.001009289950961816,0.984102303163217,1.2184956814978223
D2_S3_d2_M30,D2,3,0.5,30,0.9406,0.9401,P2-P1,-0.0004999999999999449,0.0004999999999999449,0.00015807434959536366,0.5328780780519073,0.5320514748446458
D2_S3_d2_M30,D2,3,0.5,30,0.9406,0.97145,P3-P1,0.030850000000000044,,0.002097021697551076,0.5328780780519073,0.6511942574225028
D3_S1_d1_M5,D3,1,0.0,5,0.9574,0.93675,P2-P1,-0.020650000000000057,0.020650000000000057,0.0010055739033009968,1.0860161703567912,0.9474674483420584
D3_S1_d1_M5,D3,1,0.0,5,0.9574,0.99255,P3-P1,0.035150000000000015,,0.0015819292019556362,1.0860161703567912,1.181469966429882
D3_S1_d1_M10,D3,1,0.0,10,0.94245,0.9388,P2-P1,-0.003650000000000042,0.003650000000000042,0.00042641983420099266,0.5755890829677377,0.5646446799405401
D3_S1_d1_M10,D3,1,0.0,10,0.94245,0.97835,P3-P1,0.03590000000000004,,0.001989974874213239,0.5755890829677377,0.6056659354220901
D3_S1_d1_M30,D3,1,0.0,30,0.94735,0.9469,P2-P1,-0.00045000000000006146,0.00045000000000006146,0.0001499662462022807,0.3012892530475929,0.3008218916132606
D3_S1_d1_M30,D3,1,0.0,30,0.94735,0.96375,P3-P1,0.01639999999999997,,0.0021083168642308013,0.3012892530475929,0.30742636932898465
D3_S1_d2_M5,D3,1,0.5,5,0.95665,0.9354,P2-P1,-0.02124999999999999,0.02124999999999999,0.001019765598066536,1.08402482190011,0.9457301465481158
D3_S1_d2_M5,D3,1,0.5,5,0.95665,0.98725,P3-P1,0.03059999999999996,,0.001674813422444423,1.08402482190011,1.7384043736999364
D3_S1_d2_M10,D3,1,0.5,10,0.94305,0.93945,P2-P1,-0.0036000000000000476,0.0036000000000000476,0.00042349970484051384,0.5739943178301247,0.5630802380889591
D3_S1_d2_M10,D3,1,0.5,10,0.94305,0.9855,P3-P1,0.04244999999999999,,0.0018901058171435798,0.5739943178301247,0.9445245095567676
D3_S1_d2_M30,D3,1,0.5,30,0.9464,0.946,P2-P1,-0.00040000000000006697,0.00040000000000006697,0.0001413930691370809,0.3002655720083988,0.2997997985133439
D3_S1_d2_M30,D3,1,0.5,30,0.9464,0.9931,P3-P1,0.046699999999999964,,0.0017392527130926086,0.3002655720083988,0.5119975480086559
D3_S3_d1_M5,D3,3,0.0,5,0.9393865981878967,0.9138524153302001,P2-P1,-0.025534182857696597,0.025534182857696597,0.001097993985574813,1.7307157188909048,1.5099193278534062
D3_S3_d1_M5,D3,3,0.0,5,0.9393865981878967,0.9886622413876641,P3-P1,0.049275643199767405,,0.0018671300807207418,1.7307157188909048,2.0547572073641813
D3_S3_d1_M10,D3,3,0.0,10,0.9194711538461539,0.9143963675213675,P2-P1,-0.005074786324786307,0.005074786324786307,0.0004740897368113558,0.9858283668149043,0.9670835655646154
D3_S3_d1_M10,D3,3,0.0,10,0.9194711538461539,0.9667022792022792,P3-P1,0.04723112535612539,,0.0022510144016685426,0.9858283668149043,1.1164522115561326
D3_S3_d1_M30,D3,3,0.0,30,0.92925,0.9289,P2-P1,-0.0003500000000000725,0.0003500000000000725,0.00013226441320326348,0.5688562762627153,0.5679738634898936
D3_S3_d1_M30,D3,3,0.0,30,0.92925,0.95025,P3-P1,0.02100000000000002,,0.0024545875417267137,0.5688562762627153,0.6119854824940181
D3_S3_d2_M5,D3,3,0.5,5,0.9420630637576132,0.9168915272531031,P2-P1,-0.025171536504510095,0.025171536504510095,0.000972561864676293,1.7373586536079098,1.5157147888949818
D3_S3_d2_M5,D3,3,0.5,5,0.9420630637576132,0.9721301364582531,P3-P1,0.030067072700639907,,0.0018186918683348163,1.7373586536079098,2.5850249621469117
D3_S3_d2_M10,D3,3,0.5,10,0.9201309416085591,0.9159525203598233,P2-P1,-0.0041784212487357975,0.0041784212487357975,0.00033277689224915847,0.9861030523147284,0.9673530281217104
D3_S3_d2_M10,D3,3,0.5,10,0.9201309416085591,0.9579762601799117,P3-P1,0.03784531857135254,,0.0018011310284439907,0.9861030523147284,1.4487098926914703
D3_S3_d2_M30,D3,3,0.5,30,0.92895,0.9283,P2-P1,-0.0006500000000000394,0.0006500000000000394,0.00018021896404097425,0.5690850053508953,0.5682022377723391
D3_S3_d2_M30,D3,3,0.5,30,0.92895,0.96655,P3-P1,0.03759999999999997,,0.0022858258901324903,0.5690850053508953,0.8208957883247371
D4_S2_d1_M5,D4,2,0.0,5,0.9423604280306418,0.9180228918894751,P2-P1,-0.024337536141166738,0.024337536141166738,0.0004206475053927451,1.671813086492794,1.4585312101235086
D4_S2_d1_M5,D4,2,0.0,5,0.9423604280306418,0.9944558705177502,P3-P1,0.0520954424871084,,0.0006861716120648475,1.671813086492794,1.949860448382117
D4_S2_d1_M10,D4,2,0.0,10,0.926501315110248,0.9223101693665348,P2-P1,-0.004191145743713265,0.004191145743713265,0.0002264871493326157,0.9440424957137844,0.9260922220660955
D4_S2_d1_M10,D4,2,0.0,10,0.926501315110248,0.981821980777267,P3-P1,0.05532066566701899,,0.0010614967966886947,0.9440424957137844,1.0392792672663451
D4_S2_d1_M30,D4,2,0.0,30,0.936,0.93565,P2-P1,-0.0003500000000000725,0.0003500000000000725,0.00013226441320326348,0.5314040653267105,0.5305797486155468
D4_S2_d1_M30,D4,2,0.0,30,0.936,0.96515,P3-P1,0.029149999999999898,,0.002223173407541572,0.5314040653267105,0.5537273918722447
D4_S2_d2_M5,D4,2,0.5,5,0.9426038175558988,0.9187829974911469,P2-P1,-0.023820820064751946,0.023820820064751946,0.00029708451221921185,1.673973177930181,1.460415727479905
D4_S2_d2_M5,D4,2,0.5,5,0.9426038175558988,0.979010654085711,P3-P1,0.03640683652981214,,0.000545449856541873,1.673973177930181,2.300685552250705
D4_S2_d2_M10,D4,2,0.5,10,0.9248141659959283,0.9197007717437621,P2-P1,-0.00511339425216617,0.00511339425216617,0.00034703173804366056,0.9423247655328565,0.924407153261049
D4_S2_d2_M10,D4,2,0.5,10,0.9248141659959283,0.9665262061455423,P3-P1,0.04171204014961405,,0.0016038430648126817,0.9423247655328565,1.2556897166022833
D4_S2_d2_M30,D4,2,0.5,30,0.9337,0.93345,P2-P1,-0.00024999999999997247,0.00024999999999997247,0.0001117894225765507,0.5306920975628238,0.5298688852597064
D4_S2_d2_M30,D4,2,0.5,30,0.9337,0.9693,P3-P1,0.035600000000000076,,0.002202271554554524,0.5306920975628238,0.6838449093323452
clamp5_S1_d1_M5,clamp5,1,0.0,5,0.95265,0.93485,P2-P1,-0.017800000000000038,0.017800000000000038,0.0009349641704364942,1.067950713728115,0.9317066958207743
clamp5_S1_d1_M5,clamp5,1,0.0,5,0.95265,0.9949,P3-P1,0.04225000000000001,,0.0016194134740701628,1.067950713728115,1.181749980864798
clamp5_S1_d1_M10,clamp5,1,0.0,10,0.939397,0.935454,P2-P1,-0.00394300000000003,0.00394300000000003,6.266939245756279e-05,0.5656567652448439,0.5549012179332431
clamp5_S1_d1_M10,clamp5,1,0.0,10,0.939397,0.979427,P3-P1,0.04003000000000001,,0.0002849140221189542,0.5656567652448439,0.5993018210148474
clamp5_S1_d1_M30,clamp5,1,0.0,30,0.9408,0.94045,P2-P1,-0.00034999999999996145,0.00034999999999996145,0.0001322644132032425,0.2972797584808924,0.2968186165950925
clamp5_S1_d1_M30,clamp5,1,0.0,30,0.9408,0.96025,P3-P1,0.01945000000000008,,0.002224297641953521,0.2972797584808924,0.3040795829513075
clamp5_S1_d2_M5,clamp5,1,0.5,5,0.95525,0.93585,P2-P1,-0.019400000000000084,0.019400000000000084,0.0009752855991964631,1.0726582752016656,0.9358136892330302
clamp5_S1_d2_M5,clamp5,1,0.5,5,0.95525,0.98905,P3-P1,0.03379999999999994,,0.0016688319268278614,1.0726582752016656,1.7907073615110922
clamp5_S1_d2_M10,clamp5,1,0.5,10,0.93935,0.93515,P2-P1,-0.0041999999999999815,0.0041999999999999815,0.0004572942160141533,0.5665900583925548,0.5558167651982516
clamp5_S1_d2_M10,clamp5,1,0.5,10,0.93935,0.98635,P3-P1,0.04699999999999993,,0.0019274335267396388,0.5665900583925548,0.9662440006458323
clamp5_S1_d2_M30,clamp5,1,0.5,30,0.9461,0.94595,P2-P1,-0.0001500000000000945,0.0001500000000000945,8.659604494435483e-05,0.29659474244019185,0.2961346631547871
clamp5_S1_d2_M30,clamp5,1,0.5,30,0.9461,0.9951,P3-P1,0.04899999999999993,,0.001714642819948224,0.29659474244019185,0.5223109598734117
clamp5_S3_d1_M5,clamp5,3,0.0,5,0.934,0.90705,P2-P1,-0.02695000000000003,0.02695000000000003,0.0011450698122822038,1.7219479665592836,1.5022701232134728
clamp5_S3_d1_M5,clamp5,3,0.0,5,0.934,0.99235,P3-P1,0.0583499999999999,,0.0019189841062395487,1.7219479665592836,2.091075963540353
clamp5_S3_d1_M10,clamp5,3,0.0,10,0.9184469980281499,0.9137598875818771,P2-P1,-0.004687110446272791,0.004687110446272791,0.0001454201981461399,0.9871864504354122,0.9684158262240432
clamp5_S3_d1_M10,clamp5,3,0.0,10,0.9184469980281499,0.9704766437750731,P3-P1,0.05202964574692326,,0.0007095828990040835,0.9871864504354122,1.1269113132499928
clamp5_S3_d1_M30,clamp5,3,0.0,30,0.9285,0.928,P2-P1,-0.0004999999999999449,0.0004999999999999449,0.00015807434959536366,0.5702244461532489,0.5693399110682771
clamp5_S3_d1_M30,clamp5,3,0.0,30,0.9285,0.953,P3-P1,0.024499999999999966,,0.0024341322889276174,0.5702244461532489,0.6162561803112332
clamp5_S3_d2_M5,clamp5,3,0.5,5,0.9347,0.90865,P2-P1,-0.026050000000000018,0.026050000000000018,0.001126308072864614,1.7207645359052581,1.5012376689529705
clamp5_S3_d2_M5,clamp5,3,0.5,5,0.9347,0.97065,P3-P1,0.03595000000000004,,0.0021754309917807104,1.7207645359052581,2.6515527861395545
clamp5_S3_d2_M10,clamp5,3,0.5,10,0.9175238451468113,0.9128650244462849,P2-P1,-0.004658820700526367,0.004658820700526367,0.00012444426263625636,0.9864321761915305,0.9676758939500881
clamp5_S3_d2_M10,clamp5,3,0.5,10,0.9175238451468113,0.9567781666622138,P3-P1,0.039254321515402535,,0.0006479105592277945,0.9864321761915305,1.476908564377911
clamp5_S3_d2_M30,clamp5,3,0.5,30,0.9269,0.9264,P2-P1,-0.0004999999999999449,0.0004999999999999449,0.00015807434959536366,0.5701020941685895,0.5692177488766438
clamp5_S3_d2_M30,clamp5,3,0.5,30,0.9269,0.9676,P3-P1,0.04070000000000007,,0.002296736815571172,0.5701020941685895,0.8374040149878478
