cell,family,scen,delta,M,method,T2,T3,T_DL,mean_est,mcse_est,bias_vs_own_target
core_S1_d1_M3,core,1,0.0,3,P1,0.0,0.0,0.0,-0.0002711304418153488,0.0008035657300050352,-0.0002711304418153488
core_S1_d1_M3,core,1,0.0,3,C1,0.0,0.0,0.0,-0.0004820787133922292,0.0008477831649387684,-0.0004820787133922292
core_S1_d1_M3,core,1,0.0,3,C2,0.0,0.0,0.0,-0.0004820787133922292,0.0008477831649387684,-0.0004820787133922292
core_S1_d1_M3,core,1,0.0,3,C3,0.0,0.0,0.0,-0.0005598711175751489,0.000900443994587625,-0.0005598711175751489
core_S1_d1_M5,core,1,0.0,5,P1,0.0,0.0,0.0,0.0008283662508424749,0.0006009706754950982,0.0008283662508424749
core_S1_d1_M5,core,1,0.0,5,C1,0.0,0.0,0.0,0.001008428626225909,0.0006383130129505721,0.001008428626225909
core_S1_d1_M5,core,1,0.0,5,C2,0.0,0.0,0.0,0.001008428626225909,0.0006383130129505721,0.001008428626225909
core_S1_d1_M5,core,1,0.0,5,C3,0.0,0.0,0.0,0.0009919042343437669,0.0006943828336969507,0.0009919042343437669
core_S1_d1_M10,core,1,0.0,10,P1,0.0,0.0,0.0,-0.00032883833729535313,0.00041392474807532475,-0.00032883833729535313
core_S1_d1_M10,core,1,0.0,10,C1,0.0,0.0,0.0,-0.00019360459526556538,0.0004425549230293768,-0.00019360459526556538
core_S1_d1_M10,core,1,0.0,10,C2,0.0,0.0,0.0,-0.00019360459526556538,0.0004425549230293768,-0.00019360459526556538
core_S1_d1_M10,core,1,0.0,10,C3,0.0,0.0,0.0,0.0001795873553372288,0.0004931879845073518,0.0001795873553372288
core_S1_d1_M30,core,1,0.0,30,P1,0.0,0.0,0.0,-0.00026151167537702977,0.00023362121556462596,-0.00026151167537702977
core_S1_d1_M30,core,1,0.0,30,C1,0.0,0.0,0.0,-0.0002244822810191114,0.0002504355769319978,-0.0002244822810191114
core_S1_d1_M30,core,1,0.0,30,C2,0.0,0.0,0.0,-0.0002244822810191114,0.0002504355769319978,-0.0002244822810191114
core_S1_d1_M30,core,1,0.0,30,C3,0.0,0.0,0.0,-9.374805229109921e-05,0.0002845486870685508,-9.374805229109921e-05
core_S1_d1_M100,core,1,0.0,100,P1,0.0,0.0,0.0,0.00015336967952947678,0.00012760021649964141,0.00015336967952947678
core_S1_d1_M100,core,1,0.0,100,C1,0.0,0.0,0.0,0.0001611920100254048,0.00013662487380983277,0.0001611920100254048
core_S1_d1_M100,core,1,0.0,100,C2,0.0,0.0,0.0,0.0001611920100254048,0.00013662487380983277,0.0001611920100254048
core_S1_d1_M100,core,1,0.0,100,C3,0.0,0.0,0.0,0.00016525895576602182,0.00015628875828940653,0.00016525895576602182
core_S1_d1_M300,core,1,0.0,300,P1,0.0,0.0,0.0,-9.986289005984052e-06,7.31508382691467e-05,-9.986289005984052e-06
core_S1_d1_M300,core,1,0.0,300,C1,0.0,0.0,0.0,2.6069375215620826e-06,7.82989422554851e-05,2.6069375215620826e-06
core_S1_d1_M300,core,1,0.0,300,C2,0.0,0.0,0.0,2.6069375215620826e-06,7.82989422554851e-05,2.6069375215620826e-06
core_S1_d1_M300,core,1,0.0,300,C3,0.0,0.0,0.0,5.275365411397572e-06,8.991227701016779e-05,5.275365411397572e-06
core_S1_d2_M3,core,1,0.5,3,P1,0.5,0.5,0.5,0.5005613515223672,0.0008011581414191715,0.0005613515223672483
core_S1_d2_M3,core,1,0.5,3,C1,0.5,0.5,0.5,0.5008224588403097,0.0008439515030738297,0.0008224588403097366
core_S1_d2_M3,core,1,0.5,3,C2,0.5,0.5,0.5,0.5008224588403097,0.0008439515030738297,0.0008224588403097366
core_S1_d2_M3,core,1,0.5,3,C3,0.5,0.5,0.5,0.500782552507311,0.0008974814061433659,0.0007825525073109629
core_S1_d2_M5,core,1,0.5,5,P1,0.5,0.5,0.5,0.5001916535422922,0.0006024871852055771,0.00019165354229222498
core_S1_d2_M5,core,1,0.5,5,C1,0.5,0.5,0.5,0.5000295425141583,0.0006401335760490172,2.9542514158320543e-05
core_S1_d2_M5,core,1,0.5,5,C2,0.5,0.5,0.5,0.5000295425141583,0.0006401335760490172,2.9542514158320543e-05
core_S1_d2_M5,core,1,0.5,5,C3,0.5,0.5,0.5,0.5000876850183688,0.0006988095081541238,8.768501836875497e-05
core_S1_d2_M10,core,1,0.5,10,P1,0.5,0.5,0.5,0.4987938139165545,0.0004119893184062551,-0.0012061860834455262
core_S1_d2_M10,core,1,0.5,10,C1,0.5,0.5,0.5,0.4989053550049068,0.00044046932303188946,-0.001094644995093208
core_S1_d2_M10,core,1,0.5,10,C2,0.5,0.5,0.5,0.4989053550049068,0.00044046932303188946,-0.001094644995093208
core_S1_d2_M10,core,1,0.5,10,C3,0.5,0.5,0.5,0.4988560236695936,0.0004914990645886881,-0.0011439763304064154
core_S1_d2_M30,core,1,0.5,30,P1,0.5,0.5,0.5,0.4998411207481442,0.0002332924996985972,-0.00015887925185581464
core_S1_d2_M30,core,1,0.5,30,C1,0.5,0.5,0.5,0.4999219137598685,0.0002499337000704844,-7.8086240131503e-05
core_S1_d2_M30,core,1,0.5,30,C2,0.5,0.5,0.5,0.4999219137598685,0.0002499337000704844,-7.8086240131503e-05
core_S1_d2_M30,core,1,0.5,30,C3,0.5,0.5,0.5,0.4998502541832735,0.00028341994529891914,-0.00014974581672649867
core_S1_d2_M100,core,1,0.5,100,P1,0.5,0.5,0.5,0.5000914483033037,0.0001273412893673704,9.144830330365394e-05
core_S1_d2_M100,core,1,0.5,100,C1,0.5,0.5,0.5,0.5000509883451558,0.00013661525966718845,5.09883451558224e-05
core_S1_d2_M100,core,1,0.5,100,C2,0.5,0.5,0.5,0.5000509883451558,0.00013661525966718845,5.09883451558224e-05
core_S1_d2_M100,core,1,0.5,100,C3,0.5,0.5,0.5,0.5000229697991758,0.0001561510354785661,2.2969799175820427e-05
core_S1_d2_M300,core,1,0.5,300,P1,0.5,0.5,0.5,0.500019419074627,7.314963799907774e-05,1.9419074626991772e-05
core_S1_d2_M300,core,1,0.5,300,C1,0.5,0.5,0.5,0.5000063931965356,7.82713940335382e-05,6.393196535614543e-06
core_S1_d2_M300,core,1,0.5,300,C2,0.5,0.5,0.5,0.5000063931965356,7.82713940335382e-05,6.393196535614543e-06
core_S1_d2_M300,core,1,0.5,300,C3,0.5,0.5,0.5,0.500029233654212,8.99110759257762e-05,2.9233654212035276e-05
core_S2_d1_M3,core,2,0.0,3,P1,0.0,0.0,0.0,0.0021846751447567245,0.0013021981454298173,0.0021846751447567245
core_S2_d1_M3,core,2,0.0,3,C1,0.0,0.0,0.0,0.0009404490455414528,0.0012792032867710587,0.0009404490455414528
core_S2_d1_M3,core,2,0.0,3,C2,0.0,0.0,0.0,0.0009404490455414528,0.0012792032867710587,0.0009404490455414528
core_S2_d1_M3,core,2,0.0,3,C3,0.0,0.0,0.0,0.0003761567005179272,0.0012861760266798191,0.0003761567005179272
core_S2_d1_M5,core,2,0.0,5,P1,0.0,0.0,0.0,0.0004280187394342489,0.0008092885690574687,0.0004280187394342489
core_S2_d1_M5,core,2,0.0,5,C1,0.0,0.0,0.0,0.0008972528716238567,0.0007792636065184202,0.0008972528716238567
core_S2_d1_M5,core,2,0.0,5,C2,0.0,0.0,0.0,0.0008972528716238567,0.0007792636065184202,0.0008972528716238567
core_S2_d1_M5,core,2,0.0,5,C3,0.0,0.0,0.0,0.0006118206777314636,0.0007860620655415515,0.0006118206777314636
core_S2_d1_M10,core,2,0.0,10,P1,0.0,0.0,0.0,-1.9679255868963352e-05,0.0007373662970683229,-1.9679255868963352e-05
core_S2_d1_M10,core,2,0.0,10,C1,0.0,0.0,0.0,0.00017804073308240665,0.0006929566161394534,0.00017804073308240665
core_S2_d1_M10,core,2,0.0,10,C2,0.0,0.0,0.0,0.00017804073308240665,0.0006929566161394534,0.00017804073308240665
core_S2_d1_M10,core,2,0.0,10,C3,0.0,0.0,0.0,0.0003644553145957309,0.0007021111231340976,0.0003644553145957309
core_S2_d1_M30,core,2,0.0,30,P1,0.0,0.0,0.0,0.0003421373426157784,0.0004355996542127159,0.0003421373426157784
core_S2_d1_M30,core,2,0.0,30,C1,0.0,0.0,0.0,0.0006129700296742142,0.0003986926842269664,0.0006129700296742142
core_S2_d1_M30,core,2,0.0,30,C2,0.0,0.0,0.0,0.0006129700296742142,0.0003986926842269664,0.0006129700296742142
core_S2_d1_M30,core,2,0.0,30,C3,0.0,0.0,0.0,0.0005672991997668508,0.00040614822401428596,0.0005672991997668508
core_S2_d1_M100,core,2,0.0,100,P1,0.0,0.0,0.0,-0.0003632528832110186,0.00024081763483166656,-0.0003632528832110186
core_S2_d1_M100,core,2,0.0,100,C1,0.0,0.0,0.0,-0.00022774544122037933,0.0002168313968411097,-0.00022774544122037933
core_S2_d1_M100,core,2,0.0,100,C2,0.0,0.0,0.0,-0.00022774544122037933,0.0002168313968411097,-0.00022774544122037933
core_S2_d1_M100,core,2,0.0,100,C3,0.0,0.0,0.0,-0.00013878543192302666,0.00022154022173734837,-0.00013878543192302666
core_S2_d1_M300,core,2,0.0,300,P1,0.0,0.0,0.0,-4.7873226788028414e-05,0.00013960525821056136,-4.7873226788028414e-05
core_S2_d1_M300,core,2,0.0,300,C1,0.0,0.0,0.0,1.4317806217655036e-05,0.0001254050740651082,1.4317806217655036e-05
core_S2_d1_M300,core,2,0.0,300,C2,0.0,0.0,0.0,1.4317806217655036e-05,0.0001254050740651082,1.4317806217655036e-05
core_S2_d1_M300,core,2,0.0,300,C3,0.0,0.0,0.0,2.749274348992439e-05,0.0001280120149059399,2.749274348992439e-05
core_S2_d2_M3,core,2,0.5,3,P1,0.5,0.5,0.5,0.5001690759704145,0.0012952371153701677,0.00016907597041448952
core_S2_d2_M3,core,2,0.5,3,C1,0.5,0.5,0.5,0.5004673046245397,0.0012731345066107676,0.00046730462453969945
core_S2_d2_M3,core,2,0.5,3,C2,0.5,0.5,0.5,0.5004673046245397,0.0012731345066107676,0.00046730462453969945
core_S2_d2_M3,core,2,0.5,3,C3,0.5,0.5,0.5,0.5006893755548432,0.0012793029673516675,0.0006893755548431635
core_S2_d2_M5,core,2,0.5,5,P1,0.5,0.5,0.5,0.5007717795597203,0.0004096186034481942,0.0007717795597202981
core_S2_d2_M5,core,2,0.5,5,C1,0.5,0.5,0.5,0.5006740959214092,0.00039524483212762033,0.0006740959214092124
core_S2_d2_M5,core,2,0.5,5,C2,0.5,0.5,0.5,0.5006740959214092,0.00039524483212762033,0.0006740959214092124
core_S2_d2_M5,core,2,0.5,5,C3,0.5,0.5,0.5,0.5005766099106123,0.0003984803961263585,0.000576609910612258
core_S2_d2_M10,core,2,0.5,10,P1,0.5,0.5,0.5,0.49980620079417304,0.0003609839301559098,-0.00019379920582696109
core_S2_d2_M10,core,2,0.5,10,C1,0.5,0.5,0.5,0.500012201534268,0.00033947522433179093,1.2201534267952674e-05
core_S2_d2_M10,core,2,0.5,10,C2,0.5,0.5,0.5,0.500012201534268,0.00033947522433179093,1.2201534267952674e-05
core_S2_d2_M10,core,2,0.5,10,C3,0.5,0.5,0.5,0.5001362674708354,0.00034374503463349373,0.00013626747083539392
core_S2_d2_M30,core,2,0.5,30,P1,0.5,0.5,0.5,0.5000330364442079,0.0004332870129288392,3.30364442079345e-05
core_S2_d2_M30,core,2,0.5,30,C1,0.5,0.5,0.5,0.5001208149567697,0.00039823181955738444,0.00012081495676974363
core_S2_d2_M30,core,2,0.5,30,C2,0.5,0.5,0.5,0.5001208149567697,0.00039823181955738444,0.00012081495676974363
core_S2_d2_M30,core,2,0.5,30,C3,0.5,0.5,0.5,0.5001532265190625,0.0004059368291652088,0.00015322651906246598
core_S2_d2_M100,core,2,0.5,100,P1,0.5,0.5,0.5,0.49997933556183294,0.00024028565992416313,-2.066443816706176e-05
core_S2_d2_M100,core,2,0.5,100,C1,0.5,0.5,0.5,0.5000394544162907,0.00021687139720679777,3.945441629071844e-05
core_S2_d2_M100,core,2,0.5,100,C2,0.5,0.5,0.5,0.5000394544162907,0.00021687139720679777,3.945441629071844e-05
core_S2_d2_M100,core,2,0.5,100,C3,0.5,0.5,0.5,0.4999747113637872,0.00022147701831596328,-2.528863621281685e-05
core_S2_d2_M300,core,2,0.5,300,P1,0.5,0.5,0.5,0.49981312650414306,0.00013965228527981034,-0.0001868734958569429
core_S2_d2_M300,core,2,0.5,300,C1,0.5,0.5,0.5,0.49987543129729733,0.00012549862281405604,-0.0001245687027026654
core_S2_d2_M300,core,2,0.5,300,C2,0.5,0.5,0.5,0.49987543129729733,0.00012549862281405604,-0.0001245687027026654
core_S2_d2_M300,core,2,0.5,300,C3,0.5,0.5,0.5,0.4999189618429738,0.00012802778128123094,-8.10381570262031e-05
core_S3_d1_M3,core,3,0.0,3,P1,0.08361854460463167,0.0,0.018306227057702698,0.03746828175847245,0.0013425981669848847,-0.04615026284615922
core_S3_d1_M3,core,3,0.0,3,C1,0.08361854460463167,0.0,0.018306227057702698,0.011500400921773235,0.0012932990520458283,-0.006805826135929463
core_S3_d1_M3,core,3,0.0,3,C2,0.08361854460463167,0.0,0.018306227057702698,0.011500400921773235,0.0012932990520458283,-0.006805826135929463
core_S3_d1_M3,core,3,0.0,3,C3,0.08361854460463167,0.0,0.018306227057702698,0.0003302000230774723,0.0012941037225851694,0.0003302000230774723
core_S3_d1_M5,core,3,0.0,5,P1,0.08361854460463167,0.0,0.018306227057702698,0.04959142896447021,0.0010680453223137437,-0.034027115640161455
core_S3_d1_M5,core,3,0.0,5,C1,0.08361854460463167,0.0,0.018306227057702698,0.014199653166097006,0.0009993914310017626,-0.004106573891605693
core_S3_d1_M5,core,3,0.0,5,C2,0.08361854460463167,0.0,0.018306227057702698,0.014199653166097006,0.0009993914310017626,-0.004106573891605693
core_S3_d1_M5,core,3,0.0,5,C3,0.08361854460463167,0.0,0.018306227057702698,-2.0767522144119076e-05,0.0010028864055703069,-2.0767522144119076e-05
core_S3_d1_M10,core,3,0.0,10,P1,0.08361854460463167,0.0,0.018306227057702698,0.0648799891914275,0.0007938935212904553,-0.01873855541320417
core_S3_d1_M10,core,3,0.0,10,C1,0.08361854460463167,0.0,0.018306227057702698,0.018021357026912068,0.000705630640470049,-0.00028487003079063003
core_S3_d1_M10,core,3,0.0,10,C2,0.08361854460463167,0.0,0.018306227057702698,0.018021357026912068,0.000705630640470049,-0.00028487003079063003
core_S3_d1_M10,core,3,0.0,10,C3,0.08361854460463167,0.0,0.018306227057702698,0.0009171395143180638,0.0007103879623291606,0.0009171395143180638
core_S3_d1_M30,core,3,0.0,30,P1,0.08361854460463167,0.0,0.018306227057702698,0.07520631546510954,0.00048176685921973866,-0.008412229139522123
core_S3_d1_M30,core,3,0.0,30,C1,0.08361854460463167,0.0,0.018306227057702698,0.01763910819736023,0.0004047657570114021,-0.0006671188603424687
core_S3_d1_M30,core,3,0.0,30,C2,0.08361854460463167,0.0,0.018306227057702698,0.01763910819736023,0.0004047657570114021,-0.0006671188603424687
core_S3_d1_M30,core,3,0.0,30,C3,0.08361854460463167,0.0,0.018306227057702698,-0.00026054766589854515,0.00040943915155987684,-0.00026054766589854515
core_S3_d1_M100,core,3,0.0,100,P1,0.08361854460463167,0.0,0.018306227057702698,0.08064525694772175,0.00027558660851940536,-0.0029732876569099204
core_S3_d1_M100,core,3,0.0,100,C1,0.08361854460463167,0.0,0.018306227057702698,0.01807656095433514,0.0002224591927770724,-0.00022966610336755747
core_S3_d1_M100,core,3,0.0,100,C2,0.08361854460463167,0.0,0.018306227057702698,0.01807656095433514,0.0002224591927770724,-0.00022966610336755747
core_S3_d1_M100,core,3,0.0,100,C3,0.08361854460463167,0.0,0.018306227057702698,-0.00014439357157241593,0.00022536955340373704,-0.00014439357157241593
core_S3_d1_M300,core,3,0.0,300,P1,0.08361854460463167,0.0,0.018306227057702698,0.08291121118939915,0.00016253266476847446,-0.0007073334152325195
core_S3_d1_M300,core,3,0.0,300,C1,0.08361854460463167,0.0,0.018306227057702698,0.018356880356782963,0.00012812689239538187,5.0653299080265224e-05
core_S3_d1_M300,core,3,0.0,300,C2,0.08361854460463167,0.0,0.018306227057702698,0.018356880356782963,0.00012812689239538187,5.0653299080265224e-05
core_S3_d1_M300,core,3,0.0,300,C3,0.08361854460463167,0.0,0.018306227057702698,5.0887857205386327e-05,0.00012992906751420943,5.0887857205386327e-05
core_S3_d2_M3,core,3,0.5,3,P1,0.5836185446046317,0.5,0.5183062270577027,0.540064654012506,0.0013402077074288505,-0.043553890592125666
core_S3_d2_M3,core,3,0.5,3,C1,0.5836185446046317,0.5,0.5183062270577027,0.5146511003757324,0.0012935158488244752,-0.003655126681970322
core_S3_d2_M3,core,3,0.5,3,C2,0.5836185446046317,0.5,0.5183062270577027,0.5146511003757324,0.0012935158488244752,-0.003655126681970322
core_S3_d2_M3,core,3,0.5,3,C3,0.5836185446046317,0.5,0.5183062270577027,0.5038689650714941,0.0012964370512270156,0.003868965071494146
core_S3_d2_M5,core,3,0.5,5,P1,0.5836185446046317,0.5,0.5183062270577027,0.5497223713278117,0.001069995068158392,-0.03389617327682004
core_S3_d2_M5,core,3,0.5,5,C1,0.5836185446046317,0.5,0.5183062270577027,0.5145875383440983,0.0010017502334483406,-0.003718688713604368
core_S3_d2_M5,core,3,0.5,5,C2,0.5836185446046317,0.5,0.5183062270577027,0.5145875383440983,0.0010017502334483406,-0.003718688713604368
core_S3_d2_M5,core,3,0.5,5,C3,0.5836185446046317,0.5,0.5183062270577027,0.5003872151176565,0.0010043185295680733,0.00038721511765649197
core_S3_d2_M10,core,3,0.5,10,P1,0.5836185446046317,0.5,0.5183062270577027,0.5637127070464794,0.0002497012626897593,-0.01990583755815234
core_S3_d2_M10,core,3,0.5,10,C1,0.5836185446046317,0.5,0.5183062270577027,0.5169417534644382,0.00022284555495202194,-0.0013644735932645258
core_S3_d2_M10,core,3,0.5,10,C2,0.5836185446046317,0.5,0.5183062270577027,0.5169417534644382,0.00022284555495202194,-0.0013644735932645258
core_S3_d2_M10,core,3,0.5,10,C3,0.5836185446046317,0.5,0.5183062270577027,0.5000397694015587,0.00022439638759209768,3.9769401558698014e-05
core_S3_d2_M30,core,3,0.5,30,P1,0.5836185446046317,0.5,0.5183062270577027,0.57588894044804,0.00048394424751177604,-0.007729604156591741
core_S3_d2_M30,core,3,0.5,30,C1,0.5836185446046317,0.5,0.5183062270577027,0.5181689319951276,0.00040534041858612796,-0.0001372950625750935
core_S3_d2_M30,core,3,0.5,30,C2,0.5836185446046317,0.5,0.5183062270577027,0.5181689319951276,0.00040534041858612796,-0.0001372950625750935
core_S3_d2_M30,core,3,0.5,30,C3,0.5836185446046317,0.5,0.5183062270577027,0.5003179041948919,0.00041071113500141805,0.0003179041948918604
core_S3_d2_M100,core,3,0.5,100,P1,0.5836185446046317,0.5,0.5183062270577027,0.5811601012925671,0.0002742819416779565,-0.0024584433120645732
core_S3_d2_M100,core,3,0.5,100,C1,0.5836185446046317,0.5,0.5183062270577027,0.5183764611586664,0.00022077140998336695,7.023410096373972e-05
core_S3_d2_M100,core,3,0.5,100,C2,0.5836185446046317,0.5,0.5183062270577027,0.5183764611586664,0.00022077140998336695,7.023410096373972e-05
core_S3_d2_M100,core,3,0.5,100,C3,0.5836185446046317,0.5,0.5183062270577027,0.5000970243139067,0.00022354188928335524,9.702431390667954e-05
core_S3_d2_M300,core,3,0.5,300,P1,0.5836185446046317,0.5,0.5183062270577027,0.5828316617278174,0.0001606581660268471,-0.0007868828768142766
core_S3_d2_M300,core,3,0.5,300,C1,0.5836185446046317,0.5,0.5183062270577027,0.5183322482208049,0.0001273751264109368,2.6021163102241118e-05
core_S3_d2_M300,core,3,0.5,300,C2,0.5836185446046317,0.5,0.5183062270577027,0.5183322482208049,0.0001273751264109368,2.6021163102241118e-05
core_S3_d2_M300,core,3,0.5,300,C3,0.5836185446046317,0.5,0.5183062270577027,0.4999618239623516,0.00012916587039841793,-3.8176037648385286e-05
core_S4_d1_M3,core,4,0.0,3,P1,0.0,0.0,0.0,-0.0019323955081537556,0.0021871504702562095,-0.0019323955081537556
core_S4_d1_M3,core,4,0.0,3,C1,0.0,0.0,0.0,-0.001808970838011079,0.0020395646001836547,-0.001808970838011079
core_S4_d1_M3,core,4,0.0,3,C2,0.0,0.0,0.0,-0.001808970838011079,0.0020395646001836547,-0.001808970838011079
core_S4_d1_M3,core,4,0.0,3,C3,0.0,0.0,0.0,-0.0019775659077128057,0.0020344597460328837,-0.0019775659077128057
core_S4_d1_M5,core,4,0.0,5,P1,0.0,0.0,0.0,0.000739765505215283,0.0017541003448866095,0.000739765505215283
core_S4_d1_M5,core,4,0.0,5,C1,0.0,0.0,0.0,-0.0003402501384432176,0.0015798984376563048,-0.0003402501384432176
core_S4_d1_M5,core,4,0.0,5,C2,0.0,0.0,0.0,-0.0003402501384432176,0.0015798984376563048,-0.0003402501384432176
core_S4_d1_M5,core,4,0.0,5,C3,0.0,0.0,0.0,-0.0005042073452159732,0.001576536922837237,-0.0005042073452159732
core_S4_d1_M10,core,4,0.0,10,P1,0.0,0.0,0.0,0.0002674476781680791,0.0012924396528109254,0.0002674476781680791
core_S4_d1_M10,core,4,0.0,10,C1,0.0,0.0,0.0,-0.0008323018965075013,0.0011187938929273769,-0.0008323018965075013
core_S4_d1_M10,core,4,0.0,10,C2,0.0,0.0,0.0,-0.0008323018965075013,0.0011187938929273769,-0.0008323018965075013
core_S4_d1_M10,core,4,0.0,10,C3,0.0,0.0,0.0,-0.0008658504012602314,0.0011185737663311607,-0.0008658504012602314
core_S4_d1_M30,core,4,0.0,30,P1,0.0,0.0,0.0,-0.0009683743721708316,0.0007693542665709163,-0.0009683743721708316
core_S4_d1_M30,core,4,0.0,30,C1,0.0,0.0,0.0,-0.000632622103521248,0.0006458249924877254,-0.000632622103521248
core_S4_d1_M30,core,4,0.0,30,C2,0.0,0.0,0.0,-0.000632622103521248,0.0006458249924877254,-0.000632622103521248
core_S4_d1_M30,core,4,0.0,30,C3,0.0,0.0,0.0,-0.0005956420773342912,0.0006472669871746924,-0.0005956420773342912
core_S4_d1_M100,core,4,0.0,100,P1,0.0,0.0,0.0,-5.400858571027303e-05,0.0004262595688885121,-5.400858571027303e-05
core_S4_d1_M100,core,4,0.0,100,C1,0.0,0.0,0.0,-1.679980168224002e-05,0.0003508216023750371,-1.679980168224002e-05
core_S4_d1_M100,core,4,0.0,100,C2,0.0,0.0,0.0,-1.679980168224002e-05,0.0003508216023750371,-1.679980168224002e-05
core_S4_d1_M100,core,4,0.0,100,C3,0.0,0.0,0.0,-4.934932771495468e-06,0.00035154274340743835,-4.934932771495468e-06
core_S4_d1_M300,core,4,0.0,300,P1,0.0,0.0,0.0,0.0001918843136126731,0.00024792033041267085,0.0001918843136126731
core_S4_d1_M300,core,4,0.0,300,C1,0.0,0.0,0.0,0.00010086410883655553,0.00020318256465140115,0.00010086410883655553
core_S4_d1_M300,core,4,0.0,300,C2,0.0,0.0,0.0,0.00010086410883655553,0.00020318256465140115,0.00010086410883655553
core_S4_d1_M300,core,4,0.0,300,C3,0.0,0.0,0.0,7.286729813370856e-05,0.00020373979640514404,7.286729813370856e-05
core_S4_d2_M3,core,4,0.5,3,P1,0.5,0.5,0.5,0.5035482555318,0.0021834480684486813,0.0035482555318000486
core_S4_d2_M3,core,4,0.5,3,C1,0.5,0.5,0.5,0.5037988466097136,0.002034164346490642,0.0037988466097136353
core_S4_d2_M3,core,4,0.5,3,C2,0.5,0.5,0.5,0.5037988466097136,0.002034164346490642,0.0037988466097136353
core_S4_d2_M3,core,4,0.5,3,C3,0.5,0.5,0.5,0.5037119807898066,0.0020277573383462562,0.0037119807898066126
core_S4_d2_M5,core,4,0.5,5,P1,0.5,0.5,0.5,0.49887192834044386,0.0017528639494246419,-0.0011280716595561402
core_S4_d2_M5,core,4,0.5,5,C1,0.5,0.5,0.5,0.49785054121538885,0.0015741826971716203,-0.002149458784611147
core_S4_d2_M5,core,4,0.5,5,C2,0.5,0.5,0.5,0.49785054121538885,0.0015741826971716203,-0.002149458784611147
core_S4_d2_M5,core,4,0.5,5,C3,0.5,0.5,0.5,0.49773673080494146,0.0015700180497204592,-0.002263269195058537
core_S4_d2_M10,core,4,0.5,10,P1,0.5,0.5,0.5,0.5004999593173264,0.001289814028217253,0.0004999593173263817
core_S4_d2_M10,core,4,0.5,10,C1,0.5,0.5,0.5,0.4999504469547041,0.0011160873686553493,-4.9553045295913645e-05
core_S4_d2_M10,core,4,0.5,10,C2,0.5,0.5,0.5,0.4999504469547041,0.0011160873686553493,-4.9553045295913645e-05
core_S4_d2_M10,core,4,0.5,10,C3,0.5,0.5,0.5,0.4998494483630477,0.0011160053038966852,-0.000150551636952323
core_S4_d2_M30,core,4,0.5,30,P1,0.5,0.5,0.5,0.500554575603526,0.000768280443325023,0.0005545756035260085
core_S4_d2_M30,core,4,0.5,30,C1,0.5,0.5,0.5,0.5001653012290325,0.0006407884959410468,0.00016530122903246625
core_S4_d2_M30,core,4,0.5,30,C2,0.5,0.5,0.5,0.5001653012290325,0.0006407884959410468,0.00016530122903246625
core_S4_d2_M30,core,4,0.5,30,C3,0.5,0.5,0.5,0.5001461696153857,0.0006418035058416956,0.00014616961538571616
core_S4_d2_M100,core,4,0.5,100,P1,0.5,0.5,0.5,0.4997039635414659,0.0004276502614311517,-0.0002960364585340991
core_S4_d2_M100,core,4,0.5,100,C1,0.5,0.5,0.5,0.49985982710341903,0.0003508718781832889,-0.0001401728965809701
core_S4_d2_M100,core,4,0.5,100,C2,0.5,0.5,0.5,0.49985982710341903,0.0003508718781832889,-0.0001401728965809701
core_S4_d2_M100,core,4,0.5,100,C3,0.5,0.5,0.5,0.49994601519274845,0.000351516418483191,-5.3984807251550304e-05
core_S4_d2_M300,core,4,0.5,300,P1,0.5,0.5,0.5,0.5002209406536424,0.00024732618325268627,0.00022094065364242077
core_S4_d2_M300,core,4,0.5,300,C1,0.5,0.5,0.5,0.5002535184136258,0.00020233439776067496,0.0002535184136257529
core_S4_d2_M300,core,4,0.5,300,C2,0.5,0.5,0.5,0.5002535184136258,0.00020233439776067496,0.0002535184136257529
core_S4_d2_M300,core,4,0.5,300,C3,0.5,0.5,0.5,0.5002850333784316,0.00020294354206394633,0.00028503337843155396
core_S5_d1_M3,core,5,0.0,3,P1,0.08361854460463167,0.0,0.0073860233323441915,0.03295649344169387,0.0022152127817348668,-0.050662051162937795
core_S5_d1_M3,core,5,0.0,3,C1,0.08361854460463167,0.0,0.0073860233323441915,0.003016855845278001,0.0020518885836238385,-0.0043691674870661905
core_S5_d1_M3,core,5,0.0,3,C2,0.08361854460463167,0.0,0.0073860233323441915,0.003016855845278001,0.0020518885836238385,-0.0043691674870661905
core_S5_d1_M3,core,5,0.0,3,C3,0.08361854460463167,0.0,0.0073860233323441915,-0.0019745139161085057,0.002044333898599191,-0.0019745139161085057
core_S5_d1_M5,core,5,0.0,5,P1,0.08361854460463167,0.0,0.0073860233323441915,0.0515649021525605,0.0017838570815633039,-0.032053642452071165
core_S5_d1_M5,core,5,0.0,5,C1,0.08361854460463167,0.0,0.0073860233323441915,0.006190529626889043,0.0015881970890226974,-0.0011954937054551489
core_S5_d1_M5,core,5,0.0,5,C2,0.08361854460463167,0.0,0.0073860233323441915,0.006190529626889043,0.0015881970890226974,-0.0011954937054551489
core_S5_d1_M5,core,5,0.0,5,C3,0.08361854460463167,0.0,0.0073860233323441915,-0.00011128950458337347,0.00158395517613373,-0.00011128950458337347
core_S5_d1_M10,core,5,0.0,10,P1,0.08361854460463167,0.0,0.0073860233323441915,0.06337307610811271,0.00041694129815113376,-0.020245468496518954
core_S5_d1_M10,core,5,0.0,10,C1,0.08361854460463167,0.0,0.0073860233323441915,0.006783947119695914,0.0003541972153876547,-0.0006020762126482775
core_S5_d1_M10,core,5,0.0,10,C2,0.08361854460463167,0.0,0.0073860233323441915,0.006783947119695914,0.0003541972153876547,-0.0006020762126482775
core_S5_d1_M10,core,5,0.0,10,C3,0.08361854460463167,0.0,0.0073860233323441915,-0.00013464689657506274,0.0003538409720039458,-0.00013464689657506274
core_S5_d1_M30,core,5,0.0,30,P1,0.08361854460463167,0.0,0.0073860233323441915,0.07525882454662143,0.0007946163475893628,-0.008359720058010237
core_S5_d1_M30,core,5,0.0,30,C1,0.08361854460463167,0.0,0.0073860233323441915,0.006566252989074315,0.0006446076718491825,-0.0008197703432698761
core_S5_d1_M30,core,5,0.0,30,C2,0.08361854460463167,0.0,0.0073860233323441915,0.006566252989074315,0.0006446076718491825,-0.0008197703432698761
core_S5_d1_M30,core,5,0.0,30,C3,0.08361854460463167,0.0,0.0073860233323441915,-0.0007188857907894693,0.0006452219127712559,-0.0007188857907894693
core_S5_d1_M100,core,5,0.0,100,P1,0.08361854460463167,0.0,0.0073860233323441915,0.08076671513109297,0.0004469702335358586,-0.0028518294735386945
core_S5_d1_M100,core,5,0.0,100,C1,0.08361854460463167,0.0,0.0073860233323441915,0.007048446731887757,0.0003541667902660003,-0.0003375766004564346
core_S5_d1_M100,core,5,0.0,100,C2,0.08361854460463167,0.0,0.0073860233323441915,0.007048446731887757,0.0003541667902660003,-0.0003375766004564346
core_S5_d1_M100,core,5,0.0,100,C3,0.08361854460463167,0.0,0.0073860233323441915,-0.0003276828712482306,0.0003549110723026569,-0.0003276828712482306
core_S5_d1_M300,core,5,0.0,300,P1,0.08361854460463167,0.0,0.0073860233323441915,0.08315986819064702,0.0002605494132804383,-0.0004586764139846433
core_S5_d1_M300,core,5,0.0,300,C1,0.08361854460463167,0.0,0.0073860233323441915,0.007728149455877483,0.0002032906326124153,0.0003421261235332911
core_S5_d1_M300,core,5,0.0,300,C2,0.08361854460463167,0.0,0.0073860233323441915,0.007728149455877483,0.0002032906326124153,0.0003421261235332911
core_S5_d1_M300,core,5,0.0,300,C3,0.08361854460463167,0.0,0.0073860233323441915,0.00034495805631577786,0.0002035857027223266,0.00034495805631577786
core_S5_d2_M3,core,5,0.5,3,P1,0.5836185446046317,0.5,0.5073860233323442,0.5389452476067412,0.0022249571018796025,-0.044673296997890466
core_S5_d2_M3,core,5,0.5,3,C1,0.5836185446046317,0.5,0.5073860233323442,0.5078019991523836,0.002057110725682596,0.0004159758200393826
core_S5_d2_M3,core,5,0.5,3,C2,0.5836185446046317,0.5,0.5073860233323442,0.5078019991523836,0.002057110725682596,0.0004159758200393826
core_S5_d2_M3,core,5,0.5,3,C3,0.5836185446046317,0.5,0.5073860233323442,0.5024615207746791,0.0020495624109145454,0.0024615207746790935
core_S5_d2_M5,core,5,0.5,5,P1,0.5836185446046317,0.5,0.5073860233323442,0.5481749280029098,0.0017907766000532233,-0.035443616601721906
core_S5_d2_M5,core,5,0.5,5,C1,0.5836185446046317,0.5,0.5073860233323442,0.5043631487421742,0.0015926070313033876,-0.0030228745901699217
core_S5_d2_M5,core,5,0.5,5,C2,0.5836185446046317,0.5,0.5073860233323442,0.5043631487421742,0.0015926070313033876,-0.0030228745901699217
core_S5_d2_M5,core,5,0.5,5,C3,0.5836185446046317,0.5,0.5073860233323442,0.49817876774413605,0.0015885397679654676,-0.001821232255863947
core_S5_d2_M10,core,5,0.5,10,P1,0.5836185446046317,0.5,0.5073860233323442,0.563474941317986,0.00041621921688202846,-0.02014360328664566
core_S5_d2_M10,core,5,0.5,10,C1,0.5836185446046317,0.5,0.5073860233323442,0.5070974869363858,0.0003540163878682222,-0.0002885363959583831
core_S5_d2_M10,core,5,0.5,10,C2,0.5836185446046317,0.5,0.5073860233323442,0.5070974869363858,0.0003540163878682222,-0.0002885363959583831
core_S5_d2_M10,core,5,0.5,10,C3,0.5836185446046317,0.5,0.5073860233323442,0.5001955207687974,0.0003538151657844587,0.0001955207687973637
core_S5_d2_M30,core,5,0.5,30,P1,0.5836185446046317,0.5,0.5073860233323442,0.576183353244696,0.0007987759324823776,-0.0074351913599356445
core_S5_d2_M30,core,5,0.5,30,C1,0.5836185446046317,0.5,0.5073860233323442,0.5072374221843281,0.0006456341677003799,-0.00014860114801606983
core_S5_d2_M30,core,5,0.5,30,C2,0.5836185446046317,0.5,0.5073860233323442,0.5072374221843281,0.0006456341677003799,-0.00014860114801606983
core_S5_d2_M30,core,5,0.5,30,C3,0.5836185446046317,0.5,0.5073860233323442,0.4999739730443437,0.00064622898655578,-2.6026955656288653e-05
core_S5_d2_M100,core,5,0.5,100,P1,0.5836185446046317,0.5,0.5073860233323442,0.5812216813525454,0.0004483456527179242,-0.002396863252086323
core_S5_d2_M100,core,5,0.5,100,C1,0.5836185446046317,0.5,0.5073860233323442,0.5076561232031085,0.0003533090297583609,0.00027009987076431763
core_S5_d2_M100,core,5,0.5,100,C2,0.5836185446046317,0.5,0.5073860233323442,0.5076561232031085,0.0003533090297583609,0.00027009987076431763
core_S5_d2_M100,core,5,0.5,100,C3,0.5836185446046317,0.5,0.5073860233323442,0.5002930954549707,0.000353789449952747,0.0002930954549706932
core_S5_d2_M300,core,5,0.5,300,P1,0.5836185446046317,0.5,0.5073860233323442,0.5829985651730648,0.0002619048841636174,-0.0006199794315668861
core_S5_d2_M300,core,5,0.5,300,C1,0.5836185446046317,0.5,0.5073860233323442,0.5075430602141157,0.00020400876915906908,0.00015703688177148845
core_S5_d2_M300,core,5,0.5,300,C2,0.5836185446046317,0.5,0.5073860233323442,0.5075430602141157,0.00020400876915906908,0.00015703688177148845
core_S5_d2_M300,core,5,0.5,300,C3,0.5836185446046317,0.5,0.5073860233323442,0.5001642858494864,0.00020443034964317953,0.00016428584948635638
D1_S1_d1_M3,D1,1,0.0,3,P1,0.0,0.0,0.0,0.0015318001755797806,0.0017848624433664947,0.0015318001755797806
D1_S1_d1_M3,D1,1,0.0,3,C1,0.0,0.0,0.0,0.00047996831779007474,0.0017665162697892906,0.00047996831779007474
D1_S1_d1_M3,D1,1,0.0,3,C2,0.0,0.0,0.0,0.00047996831779007474,0.0017665162697892906,0.00047996831779007474
D1_S1_d1_M3,D1,1,0.0,3,C3,0.0,0.0,0.0,0.0018701314523680164,0.0020038944899923336,0.0018701314523680164
D1_S1_d1_M5,D1,1,0.0,5,P1,0.0,0.0,0.0,0.0001894597637690096,0.001333451237930461,0.0001894597637690096
D1_S1_d1_M5,D1,1,0.0,5,C1,0.0,0.0,0.0,0.00040561824479968926,0.00130849148057674,0.00040561824479968926
D1_S1_d1_M5,D1,1,0.0,5,C2,0.0,0.0,0.0,0.00040561824479968926,0.00130849148057674,0.00040561824479968926
D1_S1_d1_M5,D1,1,0.0,5,C3,0.0,0.0,0.0,0.0004516319132264826,0.0015551678495611448,0.0004516319132264826
D1_S1_d1_M10,D1,1,0.0,10,P1,0.0,0.0,0.0,0.0002096100751845949,0.0009209560239570257,0.0002096100751845949
D1_S1_d1_M10,D1,1,0.0,10,C1,0.0,0.0,0.0,2.2719508319639003e-05,0.0008914915951359413,2.2719508319639003e-05
D1_S1_d1_M10,D1,1,0.0,10,C2,0.0,0.0,0.0,2.2719508319639003e-05,0.0008914915951359413,2.2719508319639003e-05
D1_S1_d1_M10,D1,1,0.0,10,C3,0.0,0.0,0.0,-0.0005706059988795581,0.0010961931760736542,-0.0005706059988795581
D1_S1_d1_M30,D1,1,0.0,30,P1,0.0,0.0,0.0,0.00020729512356744363,0.0005259447417320261,0.00020729512356744363
D1_S1_d1_M30,D1,1,0.0,30,C1,0.0,0.0,0.0,0.0003023440638227276,0.0005042498077598322,0.0003023440638227276
D1_S1_d1_M30,D1,1,0.0,30,C2,0.0,0.0,0.0,0.0003023440638227276,0.0005042498077598322,0.0003023440638227276
D1_S1_d1_M30,D1,1,0.0,30,C3,0.0,0.0,0.0,0.0003902865500012803,0.0006407286918650921,0.0003902865500012803
D1_S1_d1_M100,D1,1,0.0,100,P1,0.0,0.0,0.0,3.2807747632228844e-05,0.0002853017689245616,3.2807747632228844e-05
D1_S1_d1_M100,D1,1,0.0,100,C1,0.0,0.0,0.0,-6.305116265909609e-05,0.00027248692570263337,-6.305116265909609e-05
D1_S1_d1_M100,D1,1,0.0,100,C2,0.0,0.0,0.0,-6.305116265909609e-05,0.00027248692570263337,-6.305116265909609e-05
D1_S1_d1_M100,D1,1,0.0,100,C3,0.0,0.0,0.0,7.626169613979972e-06,0.0003502140031053238,7.626169613979972e-06
D1_S1_d2_M3,D1,1,0.5,3,P1,0.5,0.5,0.5,0.5012518943231836,0.0017942415351262858,0.0012518943231836221
D1_S1_d2_M3,D1,1,0.5,3,C1,0.5,0.5,0.5,0.5001273742818928,0.0017837614453573845,0.0001273742818928003
D1_S1_d2_M3,D1,1,0.5,3,C2,0.5,0.5,0.5,0.5001273742818928,0.0017837614453573845,0.0001273742818928003
D1_S1_d2_M3,D1,1,0.5,3,C3,0.5,0.5,0.5,0.5007700116454751,0.002015892675257939,0.0007700116454750772
D1_S1_d2_M5,D1,1,0.5,5,P1,0.5,0.5,0.5,0.4996028411482195,0.001344353788372087,-0.00039715885178048804
D1_S1_d2_M5,D1,1,0.5,5,C1,0.5,0.5,0.5,0.4991565129559577,0.0013157361906015537,-0.0008434870440423015
D1_S1_d2_M5,D1,1,0.5,5,C2,0.5,0.5,0.5,0.4991565129559577,0.0013157361906015537,-0.0008434870440423015
D1_S1_d2_M5,D1,1,0.5,5,C3,0.5,0.5,0.5,0.5004896792542846,0.0015576557823917079,0.0004896792542845585
D1_S1_d2_M10,D1,1,0.5,10,P1,0.5,0.5,0.5,0.49918477859764715,0.0009251276258696982,-0.0008152214023528503
D1_S1_d2_M10,D1,1,0.5,10,C1,0.5,0.5,0.5,0.49941722272176287,0.0008949163124447044,-0.0005827772782371343
D1_S1_d2_M10,D1,1,0.5,10,C2,0.5,0.5,0.5,0.49941722272176287,0.0008949163124447044,-0.0005827772782371343
D1_S1_d2_M10,D1,1,0.5,10,C3,0.5,0.5,0.5,0.49949019912603926,0.0011067963503271672,-0.0005098008739607418
D1_S1_d2_M30,D1,1,0.5,30,P1,0.5,0.5,0.5,0.49898759662807135,0.0005162137844168403,-0.0010124033719286496
D1_S1_d2_M30,D1,1,0.5,30,C1,0.5,0.5,0.5,0.49915845076888693,0.0004973495516506776,-0.0008415492311130701
D1_S1_d2_M30,D1,1,0.5,30,C2,0.5,0.5,0.5,0.49915845076888693,0.0004973495516506776,-0.0008415492311130701
D1_S1_d2_M30,D1,1,0.5,30,C3,0.5,0.5,0.5,0.4994337318822865,0.0006337419546079263,-0.0005662681177134865
D1_S1_d2_M100,D1,1,0.5,100,P1,0.5,0.5,0.5,0.49984759601898204,0.0002842492140229718,-0.0001524039810179567
D1_S1_d2_M100,D1,1,0.5,100,C1,0.5,0.5,0.5,0.4997541766478598,0.0002719865497086515,-0.00024582335214018425
D1_S1_d2_M100,D1,1,0.5,100,C2,0.5,0.5,0.5,0.4997541766478598,0.0002719865497086515,-0.00024582335214018425
D1_S1_d2_M100,D1,1,0.5,100,C3,0.5,0.5,0.5,0.49944064519876585,0.00034856594289297486,-0.0005593548012341465
D1_S2_d1_M3,D1,2,0.0,3,P1,0.0,0.0,0.0,-0.0014954155257811085,0.002902089211130977,-0.0014954155257811085
D1_S2_d1_M3,D1,2,0.0,3,C1,0.0,0.0,0.0,-0.0008875548546124438,0.0027939030202068513,-0.0008875548546124438
D1_S2_d1_M3,D1,2,0.0,3,C2,0.0,0.0,0.0,-0.0008875548546124438,0.0027939030202068513,-0.0008875548546124438
D1_S2_d1_M3,D1,2,0.0,3,C3,0.0,0.0,0.0,-0.002731111893690347,0.0028696445222673142,-0.002731111893690347
D1_S2_d1_M5,D1,2,0.0,5,P1,0.0,0.0,0.0,0.002725271591981836,0.002285454377186606,0.002725271591981836
D1_S2_d1_M5,D1,2,0.0,5,C1,0.0,0.0,0.0,0.0027034697189553952,0.00215522080210349,0.0027034697189553952
D1_S2_d1_M5,D1,2,0.0,5,C2,0.0,0.0,0.0,0.0027034697189553952,0.00215522080210349,0.0027034697189553952
D1_S2_d1_M5,D1,2,0.0,5,C3,0.0,0.0,0.0,0.002610562480133837,0.0022271038226309796,0.002610562480133837
D1_S2_d1_M10,D1,2,0.0,10,P1,0.0,0.0,0.0,-7.887154601831652e-05,0.0008322751639808965,-7.887154601831652e-05
D1_S2_d1_M10,D1,2,0.0,10,C1,0.0,0.0,0.0,-0.0004503217324623449,0.0007634373601475588,-0.0004503217324623449
D1_S2_d1_M10,D1,2,0.0,10,C2,0.0,0.0,0.0,-0.0004503217324623449,0.0007634373601475588,-0.0004503217324623449
D1_S2_d1_M10,D1,2,0.0,10,C3,0.0,0.0,0.0,-0.00024312088058342076,0.0007938996093539104,-0.00024312088058342076
D1_S2_d1_M30,D1,2,0.0,30,P1,0.0,0.0,0.0,-0.0009195588472814893,0.0009805667079208677,-0.0009195588472814893
D1_S2_d1_M30,D1,2,0.0,30,C1,0.0,0.0,0.0,-4.6248477146057374e-05,0.0008689696601945962,-4.6248477146057374e-05
D1_S2_d1_M30,D1,2,0.0,30,C2,0.0,0.0,0.0,-4.6248477146057374e-05,0.0008689696601945962,-4.6248477146057374e-05
D1_S2_d1_M30,D1,2,0.0,30,C3,0.0,0.0,0.0,-5.824340350694657e-06,0.0009111856966429626,-5.824340350694657e-06
D1_S2_d1_M100,D1,2,0.0,100,P1,0.0,0.0,0.0,6.266045049765463e-05,0.0005315303246774719,6.266045049765463e-05
D1_S2_d1_M100,D1,2,0.0,100,C1,0.0,0.0,0.0,-0.0001768471575227462,0.00046707581771515054,-0.0001768471575227462
D1_S2_d1_M100,D1,2,0.0,100,C2,0.0,0.0,0.0,-0.0001768471575227462,0.00046707581771515054,-0.0001768471575227462
D1_S2_d1_M100,D1,2,0.0,100,C3,0.0,0.0,0.0,-0.00031755612283434386,0.0004916287081762194,-0.00031755612283434386
D1_S2_d2_M3,D1,2,0.5,3,P1,0.5,0.5,0.5,0.5017791149415894,0.002894577331082518,0.0017791149415894436
D1_S2_d2_M3,D1,2,0.5,3,C1,0.5,0.5,0.5,0.5011444621967638,0.0027888639780395148,0.0011444621967637847
D1_S2_d2_M3,D1,2,0.5,3,C2,0.5,0.5,0.5,0.5011444621967638,0.0027888639780395148,0.0011444621967637847
D1_S2_d2_M3,D1,2,0.5,3,C3,0.5,0.5,0.5,0.49958449153625817,0.0028739516095745835,-0.0004155084637418316
D1_S2_d2_M5,D1,2,0.5,5,P1,0.5,0.5,0.5,0.500208996962937,0.0005704916606179878,0.00020899696293696923
D1_S2_d2_M5,D1,2,0.5,5,C1,0.5,0.5,0.5,0.5002346438917861,0.0005370509561587599,0.00023464389178606826
D1_S2_d2_M5,D1,2,0.5,5,C2,0.5,0.5,0.5,0.5002346438917861,0.0005370509561587599,0.00023464389178606826
D1_S2_d2_M5,D1,2,0.5,5,C3,0.5,0.5,0.5,0.5004801646900506,0.0005555130193529781,0.0004801646900506329
D1_S2_d2_M10,D1,2,0.5,10,P1,0.5,0.5,0.5,0.49981165143040146,0.0007892860480417428,-0.00018834856959853985
D1_S2_d2_M10,D1,2,0.5,10,C1,0.5,0.5,0.5,0.5002548357198336,0.0007224053977030971,0.00025483571983364595
D1_S2_d2_M10,D1,2,0.5,10,C2,0.5,0.5,0.5,0.5002548357198336,0.0007224053977030971,0.00025483571983364595
D1_S2_d2_M10,D1,2,0.5,10,C3,0.5,0.5,0.5,0.5002256221382435,0.0007525748875093384,0.00022562213824350863
D1_S2_d2_M30,D1,2,0.5,30,P1,0.5,0.5,0.5,0.5010262644979175,0.0009634067541848792,0.0010262644979175395
D1_S2_d2_M30,D1,2,0.5,30,C1,0.5,0.5,0.5,0.501078386468938,0.0008611451013121912,0.0010783864689379863
D1_S2_d2_M30,D1,2,0.5,30,C2,0.5,0.5,0.5,0.501078386468938,0.0008611451013121912,0.0010783864689379863
D1_S2_d2_M30,D1,2,0.5,30,C3,0.5,0.5,0.5,0.5006038416945219,0.0009035232372031912,0.0006038416945218783
D1_S2_d2_M100,D1,2,0.5,100,P1,0.5,0.5,0.5,0.4998085056415326,0.0005361212695705066,-0.00019149435846738116
D1_S2_d2_M100,D1,2,0.5,100,C1,0.5,0.5,0.5,0.500094921984733,0.00047060801183924016,9.492198473304292e-05
D1_S2_d2_M100,D1,2,0.5,100,C2,0.5,0.5,0.5,0.500094921984733,0.00047060801183924016,9.492198473304292e-05
D1_S2_d2_M100,D1,2,0.5,100,C3,0.5,0.5,0.5,0.5004072815094421,0.0004956042191469358,0.0004072815094421367
D1_S3_d1_M3,D1,3,0.0,3,P1,0.08361854460463167,0.0,0.01923982029783763,0.035126950663983234,0.002991645756673318,-0.048491593940648434
D1_S3_d1_M3,D1,3,0.0,3,C1,0.08361854460463167,0.0,0.01923982029783763,0.008975557488223849,0.0028260711660320318,-0.010264262809613782
D1_S3_d1_M3,D1,3,0.0,3,C2,0.08361854460463167,0.0,0.01923982029783763,0.008975557488223849,0.0028260711660320318,-0.010264262809613782
D1_S3_d1_M3,D1,3,0.0,3,C3,0.08361854460463167,0.0,0.01923982029783763,-0.0009981831089956267,0.0028811227533648777,-0.0009981831089956267
D1_S3_d1_M5,D1,3,0.0,5,P1,0.08361854460463167,0.0,0.01923982029783763,0.05504841458148676,0.0023927217839719984,-0.02857013002314491
D1_S3_d1_M5,D1,3,0.0,5,C1,0.08361854460463167,0.0,0.01923982029783763,0.020456202443121223,0.002198665995789879,0.0012163821452835927
D1_S3_d1_M5,D1,3,0.0,5,C2,0.08361854460463167,0.0,0.01923982029783763,0.020456202443121223,0.002198665995789879,0.0012163821452835927
D1_S3_d1_M5,D1,3,0.0,5,C3,0.08361854460463167,0.0,0.01923982029783763,0.006598464199048142,0.0022614978239603226,0.006598464199048142
D1_S3_d1_M10,D1,3,0.0,10,P1,0.08361854460463167,0.0,0.01923982029783763,0.06263171117119824,0.001193457545025592,-0.020986833433433424
D1_S3_d1_M10,D1,3,0.0,10,C1,0.08361854460463167,0.0,0.01923982029783763,0.01691576967000577,0.001042856967330633,-0.0023240506278318605
D1_S3_d1_M10,D1,3,0.0,10,C2,0.08361854460463167,0.0,0.01923982029783763,0.01691576967000577,0.001042856967330633,-0.0023240506278318605
D1_S3_d1_M10,D1,3,0.0,10,C3,0.08361854460463167,0.0,0.01923982029783763,-0.0002533551552569415,0.001079880286915187,-0.0002533551552569415
D1_S3_d1_M30,D1,3,0.0,30,P1,0.08361854460463167,0.0,0.01923982029783763,0.07666697921580548,0.0010759277116701384,-0.006951565388826186
D1_S3_d1_M30,D1,3,0.0,30,C1,0.08361854460463167,0.0,0.01923982029783763,0.019281505987847253,0.0008759414505295166,4.1685690009621995e-05
D1_S3_d1_M30,D1,3,0.0,30,C2,0.08361854460463167,0.0,0.01923982029783763,0.019281505987847253,0.0008759414505295166,4.1685690009621995e-05
D1_S3_d1_M30,D1,3,0.0,30,C3,0.08361854460463167,0.0,0.01923982029783763,0.0010027362112539043,0.0009107388154128136,0.0010027362112539043
D1_S3_d1_M100,D1,3,0.0,100,P1,0.08361854460463167,0.0,0.01923982029783763,0.08151915068138127,0.0006139545076148179,-0.0020993939232503978
D1_S3_d1_M100,D1,3,0.0,100,C1,0.08361854460463167,0.0,0.01923982029783763,0.019396478693693812,0.00048198324309024494,0.00015665839585618166
D1_S3_d1_M100,D1,3,0.0,100,C2,0.08361854460463167,0.0,0.01923982029783763,0.019396478693693812,0.00048198324309024494,0.00015665839585618166
D1_S3_d1_M100,D1,3,0.0,100,C3,0.08361854460463167,0.0,0.01923982029783763,0.00048406223970728164,0.0005035103874844875,0.00048406223970728164
D1_S3_d2_M3,D1,3,0.5,3,P1,0.5836185446046317,0.5,0.5192398202978377,0.5369421255104535,0.00298322030653843,-0.04667641909417819
D1_S3_d2_M3,D1,3,0.5,3,C1,0.5836185446046317,0.5,0.5192398202978377,0.5116633750601317,0.0028170629529222827,-0.007576445237705953
D1_S3_d2_M3,D1,3,0.5,3,C2,0.5836185446046317,0.5,0.5192398202978377,0.5116633750601317,0.0028170629529222827,-0.007576445237705953
D1_S3_d2_M3,D1,3,0.5,3,C3,0.5836185446046317,0.5,0.5192398202978377,0.5008285409807628,0.002881353112250896,0.000828540980762793
D1_S3_d2_M5,D1,3,0.5,5,P1,0.5836185446046317,0.5,0.5192398202978377,0.5486798920270172,0.0015703011161796142,-0.034938652577614526
D1_S3_d2_M5,D1,3,0.5,5,C1,0.5836185446046317,0.5,0.5192398202978377,0.5135277891614082,0.0014320244157372153,-0.005712031136429485
D1_S3_d2_M5,D1,3,0.5,5,C2,0.5836185446046317,0.5,0.5192398202978377,0.5135277891614082,0.0014320244157372153,-0.005712031136429485
D1_S3_d2_M5,D1,3,0.5,5,C3,0.5836185446046317,0.5,0.5192398202978377,0.49828388234287935,0.0014706687708744691,-0.0017161176571206527
D1_S3_d2_M10,D1,3,0.5,10,P1,0.5836185446046317,0.5,0.5192398202978377,0.5632916175268786,0.0016725470167508441,-0.020326927077753076
D1_S3_d2_M10,D1,3,0.5,10,C1,0.5836185446046317,0.5,0.5192398202978377,0.5161714093216471,0.0014488455403661466,-0.0030684109761905942
D1_S3_d2_M10,D1,3,0.5,10,C2,0.5836185446046317,0.5,0.5192398202978377,0.5161714093216471,0.0014488455403661466,-0.0030684109761905942
D1_S3_d2_M10,D1,3,0.5,10,C3,0.5836185446046317,0.5,0.5192398202978377,0.4996715637557758,0.0014930062619258216,-0.00032843624422418394
D1_S3_d2_M30,D1,3,0.5,30,P1,0.5836185446046317,0.5,0.5192398202978377,0.5762529397267024,0.0010954237717830503,-0.007365604877929255
D1_S3_d2_M30,D1,3,0.5,30,C1,0.5836185446046317,0.5,0.5192398202978377,0.5189848097816897,0.0008811456984996785,-0.00025501051614795767
D1_S3_d2_M30,D1,3,0.5,30,C2,0.5836185446046317,0.5,0.5192398202978377,0.5189848097816897,0.0008811456984996785,-0.00025501051614795767
D1_S3_d2_M30,D1,3,0.5,30,C3,0.5836185446046317,0.5,0.5192398202978377,0.5005442115701262,0.0009160484777420958,0.0005442115701261852
D1_S3_d2_M100,D1,3,0.5,100,P1,0.5836185446046317,0.5,0.5192398202978377,0.5804469441610685,0.0006153171908334517,-0.0031716004435632383
D1_S3_d2_M100,D1,3,0.5,100,C1,0.5836185446046317,0.5,0.5192398202978377,0.5188521463851995,0.0004858343861433825,-0.00038767391263816453
D1_S3_d2_M100,D1,3,0.5,100,C2,0.5836185446046317,0.5,0.5192398202978377,0.5188521463851995,0.0004858343861433825,-0.00038767391263816453
D1_S3_d2_M100,D1,3,0.5,100,C3,0.5836185446046317,0.5,0.5192398202978377,0.4995979654993044,0.0005056712366541902,-0.00040203450069559166
D1_S4_d1_M3,D1,4,0.0,3,P1,0.0,0.0,0.0,0.004679676975560195,0.004890352926943907,0.004679676975560195
D1_S4_d1_M3,D1,4,0.0,3,C1,0.0,0.0,0.0,0.0029765982575405384,0.004544618784848714,0.0029765982575405384
D1_S4_d1_M3,D1,4,0.0,3,C2,0.0,0.0,0.0,0.0029765982575405384,0.004544618784848714,0.0029765982575405384
D1_S4_d1_M3,D1,4,0.0,3,C3,0.0,0.0,0.0,0.0029670356114421983,0.004553086548061696,0.0029670356114421983
D1_S4_d1_M5,D1,4,0.0,5,P1,0.0,0.0,0.0,-0.0025239623977384214,0.003907396398904619,-0.0025239623977384214
D1_S4_d1_M5,D1,4,0.0,5,C1,0.0,0.0,0.0,-0.0028812203647477657,0.0035137405409964998,-0.0028812203647477657
D1_S4_d1_M5,D1,4,0.0,5,C2,0.0,0.0,0.0,-0.0028812203647477657,0.0035137405409964998,-0.0028812203647477657
D1_S4_d1_M5,D1,4,0.0,5,C3,0.0,0.0,0.0,-0.0027965722866358815,0.003533917588545111,-0.0027965722866358815
D1_S4_d1_M10,D1,4,0.0,10,P1,0.0,0.0,0.0,0.0004364594831319111,0.0016675094102381232,0.0004364594831319111
D1_S4_d1_M10,D1,4,0.0,10,C1,0.0,0.0,0.0,0.00045581714314095863,0.0014364966879138155,0.00045581714314095863
D1_S4_d1_M10,D1,4,0.0,10,C2,0.0,0.0,0.0,0.00045581714314095863,0.0014364966879138155,0.00045581714314095863
D1_S4_d1_M10,D1,4,0.0,10,C3,0.0,0.0,0.0,0.00022927232206224656,0.0014460711812255133,0.00022927232206224656
D1_S4_d1_M30,D1,4,0.0,30,P1,0.0,0.0,0.0,-0.0010910055594573664,0.0017073424197260668,-0.0010910055594573664
D1_S4_d1_M30,D1,4,0.0,30,C1,0.0,0.0,0.0,-0.002231485768208131,0.0014200872973894067,-0.002231485768208131
D1_S4_d1_M30,D1,4,0.0,30,C2,0.0,0.0,0.0,-0.002231485768208131,0.0014200872973894067,-0.002231485768208131
D1_S4_d1_M30,D1,4,0.0,30,C3,0.0,0.0,0.0,-0.002448218320925235,0.0014338603207781561,-0.002448218320925235
D1_S4_d1_M100,D1,4,0.0,100,P1,0.0,0.0,0.0,0.0005772399647174057,0.0009526688159045283,0.0005772399647174057
D1_S4_d1_M100,D1,4,0.0,100,C1,0.0,0.0,0.0,-0.0001723665334805201,0.0007764239488321315,-0.0001723665334805201
D1_S4_d1_M100,D1,4,0.0,100,C2,0.0,0.0,0.0,-0.0001723665334805201,0.0007764239488321315,-0.0001723665334805201
D1_S4_d1_M100,D1,4,0.0,100,C3,0.0,0.0,0.0,-0.0002612211004553731,0.0007839865319740618,-0.0002612211004553731
D1_S4_d2_M3,D1,4,0.5,3,P1,0.5,0.5,0.5,0.5006857365060223,0.0006920390733619057,0.0006857365060223275
D1_S4_d2_M3,D1,4,0.5,3,C1,0.5,0.5,0.5,0.5007400430166692,0.0006419796843933954,0.0007400430166691896
D1_S4_d2_M3,D1,4,0.5,3,C2,0.5,0.5,0.5,0.5007400430166692,0.0006419796843933954,0.0007400430166691896
D1_S4_d2_M3,D1,4,0.5,3,C3,0.5,0.5,0.5,0.5008663628628915,0.0006432571200287055,0.0008663628628915454
D1_S4_d2_M5,D1,4,0.5,5,P1,0.5,0.5,0.5,0.4988694657174169,0.0033755951956769576,-0.0011305342825830844
D1_S4_d2_M5,D1,4,0.5,5,C1,0.5,0.5,0.5,0.5009882585788632,0.0030232242018260838,0.0009882585788631992
D1_S4_d2_M5,D1,4,0.5,5,C2,0.5,0.5,0.5,0.5009882585788632,0.0030232242018260838,0.0009882585788631992
D1_S4_d2_M5,D1,4,0.5,5,C3,0.5,0.5,0.5,0.5016049596313663,0.0030327416814436,0.0016049596313663095
D1_S4_d2_M10,D1,4,0.5,10,P1,0.5,0.5,0.5,0.49960191419036487,0.000842837911365407,-0.0003980858096351292
D1_S4_d2_M10,D1,4,0.5,10,C1,0.5,0.5,0.5,0.4992964354271791,0.0007265195593335301,-0.0007035645728208917
D1_S4_d2_M10,D1,4,0.5,10,C2,0.5,0.5,0.5,0.4992964354271791,0.0007265195593335301,-0.0007035645728208917
D1_S4_d2_M10,D1,4,0.5,10,C3,0.5,0.5,0.5,0.4991745868539423,0.0007312329620373575,-0.0008254131460577185
D1_S4_d2_M30,D1,4,0.5,30,P1,0.5,0.5,0.5,0.4982076230998964,0.0017230786642444997,-0.0017923769001035872
D1_S4_d2_M30,D1,4,0.5,30,C1,0.5,0.5,0.5,0.5006418374897207,0.00142349276763125,0.0006418374897206869
D1_S4_d2_M30,D1,4,0.5,30,C2,0.5,0.5,0.5,0.5006418374897207,0.00142349276763125,0.0006418374897206869
D1_S4_d2_M30,D1,4,0.5,30,C3,0.5,0.5,0.5,0.5010444933456486,0.0014347205684980904,0.0010444933456486005
D1_S4_d2_M100,D1,4,0.5,100,P1,0.5,0.5,0.5,0.4995375412473283,0.0009486502461595052,-0.00046245875267170167
D1_S4_d2_M100,D1,4,0.5,100,C1,0.5,0.5,0.5,0.49940149307889387,0.0007756090144729215,-0.0005985069211061345
D1_S4_d2_M100,D1,4,0.5,100,C2,0.5,0.5,0.5,0.49940149307889387,0.0007756090144729215,-0.0005985069211061345
D1_S4_d2_M100,D1,4,0.5,100,C3,0.5,0.5,0.5,0.49943952545896236,0.0007826565501571663,-0.0005604745410376366
D1_S5_d1_M3,D1,5,0.0,3,P1,0.08361854460463167,0.0,0.007520030420393065,0.03153820182970408,0.0049731284300644435,-0.05208034277492759
D1_S5_d1_M3,D1,5,0.0,3,C1,0.08361854460463167,0.0,0.007520030420393065,0.0016446695049451207,0.004558485152178038,-0.005875360915447944
D1_S5_d1_M3,D1,5,0.0,3,C2,0.08361854460463167,0.0,0.007520030420393065,0.0016446695049451207,0.004558485152178038,-0.005875360915447944
D1_S5_d1_M3,D1,5,0.0,3,C3,0.08361854460463167,0.0,0.007520030420393065,-0.0031976758576848625,0.00457026758957129,-0.0031976758576848625
D1_S5_d1_M5,D1,5,0.0,5,P1,0.08361854460463167,0.0,0.007520030420393065,0.05246120803367462,0.003985198696811998,-0.031157336570957046
D1_S5_d1_M5,D1,5,0.0,5,C1,0.08361854460463167,0.0,0.007520030420393065,0.00608094296830937,0.003521571706976704,-0.0014390874520836946
D1_S5_d1_M5,D1,5,0.0,5,C2,0.08361854460463167,0.0,0.007520030420393065,0.00608094296830937,0.003521571706976704,-0.0014390874520836946
D1_S5_d1_M5,D1,5,0.0,5,C3,0.08361854460463167,0.0,0.007520030420393065,0.0006452557570641794,0.003527580960887904,0.0006452557570641794
D1_S5_d1_M10,D1,5,0.0,10,P1,0.08361854460463167,0.0,0.007520030420393065,0.06406013454949822,0.0015282883941079828,-0.01955841005513345
D1_S5_d1_M10,D1,5,0.0,10,C1,0.08361854460463167,0.0,0.007520030420393065,0.007185388848308915,0.001292046542653588,-0.00033464157208414926
D1_S5_d1_M10,D1,5,0.0,10,C2,0.08361854460463167,0.0,0.007520030420393065,0.007185388848308915,0.001292046542653588,-0.00033464157208414926
D1_S5_d1_M10,D1,5,0.0,10,C3,0.08361854460463167,0.0,0.007520030420393065,0.0002976528392431753,0.0012997775522416326,0.0002976528392431753
D1_S5_d1_M30,D1,5,0.0,30,P1,0.08361854460463167,0.0,0.007520030420393065,0.0726199684092998,0.0017758001389099744,-0.010998576195331872
D1_S5_d1_M30,D1,5,0.0,30,C1,0.08361854460463167,0.0,0.007520030420393065,0.004984304540465848,0.0014232329000426701,-0.002535725879927217
D1_S5_d1_M30,D1,5,0.0,30,C2,0.08361854460463167,0.0,0.007520030420393065,0.004984304540465848,0.0014232329000426701,-0.002535725879927217
D1_S5_d1_M30,D1,5,0.0,30,C3,0.08361854460463167,0.0,0.007520030420393065,-0.0021582202708627664,0.0014365486334697447,-0.0021582202708627664
D1_S5_d1_M100,D1,5,0.0,100,P1,0.08361854460463167,0.0,0.007520030420393065,0.08166920220454202,0.0009995594773992375,-0.0019493424000896487
D1_S5_d1_M100,D1,5,0.0,100,C1,0.08361854460463167,0.0,0.007520030420393065,0.00839109493460149,0.0007792081002509389,0.0008710645142084254
D1_S5_d1_M100,D1,5,0.0,100,C2,0.08361854460463167,0.0,0.007520030420393065,0.00839109493460149,0.0007792081002509389,0.0008710645142084254
D1_S5_d1_M100,D1,5,0.0,100,C3,0.08361854460463167,0.0,0.007520030420393065,0.0010813891430815998,0.0007855284689779643,0.0010813891430815998
D1_S5_d2_M3,D1,5,0.5,3,P1,0.5836185446046317,0.5,0.5075200304203931,0.5418379390668407,0.004978962257961854,-0.04178060553779095
D1_S5_d2_M3,D1,5,0.5,3,C1,0.5836185446046317,0.5,0.5075200304203931,0.5118631255747974,0.004571915243784464,0.004343095154404342
D1_S5_d2_M3,D1,5,0.5,3,C2,0.5836185446046317,0.5,0.5075200304203931,0.5118631255747974,0.004571915243784464,0.004343095154404342
D1_S5_d2_M3,D1,5,0.5,3,C3,0.5836185446046317,0.5,0.5075200304203931,0.5074040199491977,0.004571162787668149,0.007404019949197704
D1_S5_d2_M5,D1,5,0.5,5,P1,0.5836185446046317,0.5,0.5075200304203931,0.5473950291437302,0.003996263217225025,-0.03622351546090152
D1_S5_d2_M5,D1,5,0.5,5,C1,0.5836185446046317,0.5,0.5075200304203931,0.5033866768450984,0.003540947256112007,-0.0041333535752946515
D1_S5_d2_M5,D1,5,0.5,5,C2,0.5836185446046317,0.5,0.5075200304203931,0.5033866768450984,0.003540947256112007,-0.0041333535752946515
D1_S5_d2_M5,D1,5,0.5,5,C3,0.5836185446046317,0.5,0.5075200304203931,0.4972401555065053,0.003553157624122562,-0.002759844493494701
D1_S5_d2_M10,D1,5,0.5,10,P1,0.5836185446046317,0.5,0.5075200304203931,0.566230969869183,0.002617940239900228,-0.01738757473544872
D1_S5_d2_M10,D1,5,0.5,10,C1,0.5836185446046317,0.5,0.5075200304203931,0.5092106238265308,0.0022119823534742897,0.0016905934061377526
D1_S5_d2_M10,D1,5,0.5,10,C2,0.5836185446046317,0.5,0.5075200304203931,0.5092106238265308,0.0022119823534742897,0.0016905934061377526
D1_S5_d2_M10,D1,5,0.5,10,C3,0.5836185446046317,0.5,0.5075200304203931,0.5026558362661457,0.0022276971335925115,0.002655836266145739
D1_S5_d2_M30,D1,5,0.5,30,P1,0.5836185446046317,0.5,0.5075200304203931,0.5739159394101054,0.0017901381529405469,-0.00970260519452626
D1_S5_d2_M30,D1,5,0.5,30,C1,0.5836185446046317,0.5,0.5075200304203931,0.5060397927116663,0.001435478851012952,-0.0014802377087267393
D1_S5_d2_M30,D1,5,0.5,30,C2,0.5836185446046317,0.5,0.5075200304203931,0.5060397927116663,0.001435478851012952,-0.0014802377087267393
D1_S5_d2_M30,D1,5,0.5,30,C3,0.5836185446046317,0.5,0.5075200304203931,0.4986069063683601,0.0014452514254669248,-0.001393093631639919
D1_S5_d2_M100,D1,5,0.5,100,P1,0.5836185446046317,0.5,0.5075200304203931,0.5810006565337082,0.0009929477329976872,-0.0026178880709234464
D1_S5_d2_M100,D1,5,0.5,100,C1,0.5836185446046317,0.5,0.5075200304203931,0.5075591296734996,0.0007829822778402956,3.9099253106522625e-05
D1_S5_d2_M100,D1,5,0.5,100,C2,0.5836185446046317,0.5,0.5075200304203931,0.5075591296734996,0.0007829822778402956,3.9099253106522625e-05
D1_S5_d2_M100,D1,5,0.5,100,C3,0.5836185446046317,0.5,0.5075200304203931,0.500199595165608,0.0007890263360541584,0.00019959516560796864
D2_S1_d1_M5,D2,1,0.0,5,P1,0.0,0.0,0.0,0.000386013013911922,0.00142235690911528,0.000386013013911922
D2_S1_d1_M5,D2,1,0.0,5,C1,0.0,0.0,0.0,0.00013224705697430307,0.001483631600317887,0.00013224705697430307
D2_S1_d1_M5,D2,1,0.0,5,C2,0.0,0.0,0.0,0.00013224705697430307,0.001483631600317887,0.00013224705697430307
D2_S1_d1_M5,D2,1,0.0,5,C3,0.0,0.0,0.0,0.0004678279807026614,0.0015447167190200085,0.0004678279807026614
D2_S1_d1_M10,D2,1,0.0,10,P1,0.0,0.0,0.0,-0.0007160892133307108,0.0009950471038220388,-0.0007160892133307108
D2_S1_d1_M10,D2,1,0.0,10,C1,0.0,0.0,0.0,-0.0006001142951038151,0.0010435279999933362,-0.0006001142951038151
D2_S1_d1_M10,D2,1,0.0,10,C2,0.0,0.0,0.0,-0.0006001142951038151,0.0010435279999933362,-0.0006001142951038151
D2_S1_d1_M10,D2,1,0.0,10,C3,0.0,0.0,0.0,-0.00027891536137210213,0.0010881082353228762,-0.00027891536137210213
D2_S1_d1_M30,D2,1,0.0,30,P1,0.0,0.0,0.0,-0.0007381834145633997,0.0005611510942009581,-0.0007381834145633997
D2_S1_d1_M30,D2,1,0.0,30,C1,0.0,0.0,0.0,-0.0004510953822066984,0.0005940451481915976,-0.0004510953822066984
D2_S1_d1_M30,D2,1,0.0,30,C2,0.0,0.0,0.0,-0.0004510953822066984,0.0005940451481915976,-0.0004510953822066984
D2_S1_d1_M30,D2,1,0.0,30,C3,0.0,0.0,0.0,-0.00025470538873892206,0.0006218459554973313,-0.00025470538873892206
D2_S1_d2_M5,D2,1,0.5,5,P1,0.5,0.5,0.5,0.4975471182296038,0.0014189074095643088,-0.002452881770396209
D2_S1_d2_M5,D2,1,0.5,5,C1,0.5,0.5,0.5,0.4972670529434231,0.0014811892147162974,-0.0027329470565768954
D2_S1_d2_M5,D2,1,0.5,5,C2,0.5,0.5,0.5,0.4972670529434231,0.0014811892147162974,-0.0027329470565768954
D2_S1_d2_M5,D2,1,0.5,5,C3,0.5,0.5,0.5,0.49801561083300694,0.0015444527196233216,-0.0019843891669930613
D2_S1_d2_M10,D2,1,0.5,10,P1,0.5,0.5,0.5,0.5001763118101714,0.00013948016833469786,0.0001763118101714145
D2_S1_d2_M10,D2,1,0.5,10,C1,0.5,0.5,0.5,0.50024471361714,0.00014651184095007002,0.00024471361713995776
D2_S1_d2_M10,D2,1,0.5,10,C2,0.5,0.5,0.5,0.50024471361714,0.00014651184095007002,0.00024471361713995776
D2_S1_d2_M10,D2,1,0.5,10,C3,0.5,0.5,0.5,0.500188411420673,0.00015352656844141256,0.0001884114206730514
D2_S1_d2_M30,D2,1,0.5,30,P1,0.5,0.5,0.5,0.5004848779528881,0.000565530207933195,0.00048487795288809643
D2_S1_d2_M30,D2,1,0.5,30,C1,0.5,0.5,0.5,0.5000859956953713,0.000598390206865818,8.599569537126595e-05
D2_S1_d2_M30,D2,1,0.5,30,C2,0.5,0.5,0.5,0.5000859956953713,0.000598390206865818,8.599569537126595e-05
D2_S1_d2_M30,D2,1,0.5,30,C3,0.5,0.5,0.5,0.5002430220697978,0.0006260774874680903,0.0002430220697977603
D2_S3_d1_M5,D2,3,0.0,5,P1,0.05215927917676345,0.0,0.01585368268435662,0.038360510711245716,0.0022733667029492294,-0.013798768465517731
D2_S3_d1_M5,D2,3,0.0,5,C1,0.05215927917676345,0.0,0.01585368268435662,0.013080407014956106,0.002217672626870604,-0.0027732756694005146
D2_S3_d1_M5,D2,3,0.0,5,C2,0.05215927917676345,0.0,0.01585368268435662,0.013080407014956106,0.002217672626870604,-0.0027732756694005146
D2_S3_d1_M5,D2,3,0.0,5,C3,0.05215927917676345,0.0,0.01585368268435662,0.000907439881573587,0.0022244022093009376,0.000907439881573587
D2_S3_d1_M10,D2,3,0.0,10,P1,0.05215927917676345,0.0,0.01585368268435662,0.04327309566065885,0.0012852943708625386,-0.008886183516104595
D2_S3_d1_M10,D2,3,0.0,10,C1,0.05215927917676345,0.0,0.01585368268435662,0.013325452926144458,0.0012427354212808204,-0.002528229758212163
D2_S3_d1_M10,D2,3,0.0,10,C2,0.05215927917676345,0.0,0.01585368268435662,0.013325452926144458,0.0012427354212808204,-0.002528229758212163
D2_S3_d1_M10,D2,3,0.0,10,C3,0.05215927917676345,0.0,0.01585368268435662,-0.0011904567984051093,0.0012414239760072448,-0.0011904567984051093
D2_S3_d1_M30,D2,3,0.0,30,P1,0.05215927917676345,0.0,0.01585368268435662,0.04616829859100165,0.0009562095876611725,-0.0059909805857618
D2_S3_d1_M30,D2,3,0.0,30,C1,0.05215927917676345,0.0,0.01585368268435662,0.012694411641960276,0.0009159222105383778,-0.003159271042396345
D2_S3_d1_M30,D2,3,0.0,30,C2,0.05215927917676345,0.0,0.01585368268435662,0.012694411641960276,0.0009159222105383778,-0.003159271042396345
D2_S3_d1_M30,D2,3,0.0,30,C3,0.05215927917676345,0.0,0.01585368268435662,-0.0027122599590315944,0.0009180705955996245,-0.0027122599590315944
D2_S3_d2_M5,D2,3,0.5,5,P1,0.5521592791767634,0.5,0.5158536826843566,0.5386270085563312,0.002274108925804044,-0.013532270620432274
D2_S3_d2_M5,D2,3,0.5,5,C1,0.5521592791767634,0.5,0.5158536826843566,0.514714883650589,0.002225022285736878,-0.001138799033767568
D2_S3_d2_M5,D2,3,0.5,5,C2,0.5521592791767634,0.5,0.5158536826843566,0.514714883650589,0.002225022285736878,-0.001138799033767568
D2_S3_d2_M5,D2,3,0.5,5,C3,0.5521592791767634,0.5,0.5158536826843566,0.5020857196097123,0.002226427520099661,0.0020857196097122666
D2_S3_d2_M10,D2,3,0.5,10,P1,0.5521592791767634,0.5,0.5158536826843566,0.5444205277794079,0.0007661751869219914,-0.007738751397355581
D2_S3_d2_M10,D2,3,0.5,10,C1,0.5521592791767634,0.5,0.5158536826843566,0.5150116764775257,0.0007392247319642945,-0.0008420062068309475
D2_S3_d2_M10,D2,3,0.5,10,C2,0.5521592791767634,0.5,0.5158536826843566,0.5150116764775257,0.0007392247319642945,-0.0008420062068309475
D2_S3_d2_M10,D2,3,0.5,10,C3,0.5521592791767634,0.5,0.5158536826843566,0.5006405267864945,0.0007396700708524569,0.0006405267864945108
D2_S3_d2_M30,D2,3,0.5,30,P1,0.5521592791767634,0.5,0.5158536826843566,0.5494105436532521,0.0009547097106702284,-0.002748735523511292
D2_S3_d2_M30,D2,3,0.5,30,C1,0.5521592791767634,0.5,0.5158536826843566,0.5156790606308614,0.0009117098175255733,-0.0001746220534951659
D2_S3_d2_M30,D2,3,0.5,30,C2,0.5521592791767634,0.5,0.5158536826843566,0.5156790606308614,0.0009117098175255733,-0.0001746220534951659
D2_S3_d2_M30,D2,3,0.5,30,C3,0.5521592791767634,0.5,0.5158536826843566,0.5000198907153739,0.0009160218224097336,1.989071537389364e-05
D3_S1_d1_M5,D3,1,0.0,5,P1,0.0,0.0,0.0,0.0005587285211583326,0.0013622090265219603,0.0005587285211583326
D3_S1_d1_M5,D3,1,0.0,5,C1,0.0,0.0,0.0,0.0007015471375265552,0.0014467008736823667,0.0007015471375265552
D3_S1_d1_M5,D3,1,0.0,5,C2,0.0,0.0,0.0,0.0007015471375265552,0.0014467008736823667,0.0007015471375265552
D3_S1_d1_M5,D3,1,0.0,5,C3,0.0,0.0,0.0,0.0005805964242939056,0.0015837079256663408,0.0005805964242939056
D3_S1_d1_M10,D3,1,0.0,10,P1,0.0,0.0,0.0,0.0012199879850659401,0.0009410013130442447,0.0012199879850659401
D3_S1_d1_M10,D3,1,0.0,10,C1,0.0,0.0,0.0,0.0017314953820778513,0.0010072937103816995,0.0017314953820778513
D3_S1_d1_M10,D3,1,0.0,10,C2,0.0,0.0,0.0,0.0017314953820778513,0.0010072937103816995,0.0017314953820778513
D3_S1_d1_M10,D3,1,0.0,10,C3,0.0,0.0,0.0,0.002107728816299784,0.0011280888859887654,0.002107728816299784
D3_S1_d1_M30,D3,1,0.0,30,P1,0.0,0.0,0.0,0.00039143724027153895,0.0005287771412944521,0.00039143724027153895
D3_S1_d1_M30,D3,1,0.0,30,C1,0.0,0.0,0.0,2.5002057048745386e-05,0.0005643038175898819,2.5002057048745386e-05
D3_S1_d1_M30,D3,1,0.0,30,C2,0.0,0.0,0.0,2.5002057048745386e-05,0.0005643038175898819,2.5002057048745386e-05
D3_S1_d1_M30,D3,1,0.0,30,C3,0.0,0.0,0.0,0.00030002031252384927,0.0006448202195310699,0.00030002031252384927
D3_S1_d2_M5,D3,1,0.5,5,P1,0.5,0.5,0.5,0.49877624386610625,0.0013814636112601736,-0.0012237561338937497
D3_S1_d2_M5,D3,1,0.5,5,C1,0.5,0.5,0.5,0.49817935184568385,0.0014646376951626128,-0.0018206481543161512
D3_S1_d2_M5,D3,1,0.5,5,C2,0.5,0.5,0.5,0.49817935184568385,0.0014646376951626128,-0.0018206481543161512
D3_S1_d2_M5,D3,1,0.5,5,C3,0.5,0.5,0.5,0.4993366034064623,0.0016000095021275296,-0.0006633965935377018
D3_S1_d2_M10,D3,1,0.5,10,P1,0.5,0.5,0.5,0.5011516416778717,0.0009389879928351191,0.0011516416778717398
D3_S1_d2_M10,D3,1,0.5,10,C1,0.5,0.5,0.5,0.5012281194939031,0.0010053766865371992,0.0012281194939031126
D3_S1_d2_M10,D3,1,0.5,10,C2,0.5,0.5,0.5,0.5012281194939031,0.0010053766865371992,0.0012281194939031126
D3_S1_d2_M10,D3,1,0.5,10,C3,0.5,0.5,0.5,0.5021411955873939,0.0011204574845308378,0.002141195587393896
D3_S1_d2_M30,D3,1,0.5,30,P1,0.5,0.5,0.5,0.49990823786350846,0.0005274648694077485,-9.176213649153553e-05
D3_S1_d2_M30,D3,1,0.5,30,C1,0.5,0.5,0.5,0.49974035896497354,0.000564670609958565,-0.00025964103502645886
D3_S1_d2_M30,D3,1,0.5,30,C2,0.5,0.5,0.5,0.49974035896497354,0.000564670609958565,-0.00025964103502645886
D3_S1_d2_M30,D3,1,0.5,30,C3,0.5,0.5,0.5,0.5001710095562285,0.0006457552245025384,0.00017100955622850744
D3_S3_d1_M5,D3,3,0.0,5,P1,0.08361854460463167,0.0,0.018852497881809517,0.04869989126195874,0.0023570174555441713,-0.034918653342672926
D3_S3_d1_M5,D3,3,0.0,5,C1,0.08361854460463167,0.0,0.018852497881809517,0.01506009554027409,0.0022226492545397037,-0.003792402341535427
D3_S3_d1_M5,D3,3,0.0,5,C2,0.08361854460463167,0.0,0.018852497881809517,0.01506009554027409,0.0022226492545397037,-0.003792402341535427
D3_S3_d1_M5,D3,3,0.0,5,C3,0.08361854460463167,0.0,0.018852497881809517,0.00024257535387305223,0.002236096167111017,0.00024257535387305223
D3_S3_d1_M10,D3,3,0.0,10,P1,0.08361854460463167,0.0,0.018852497881809517,0.06474597123918278,0.0016776104310409813,-0.018872573365448883
D3_S3_d1_M10,D3,3,0.0,10,C1,0.08361854460463167,0.0,0.018852497881809517,0.018116210596105124,0.001500618724545518,-0.0007362872857043928
D3_S3_d1_M10,D3,3,0.0,10,C2,0.08361854460463167,0.0,0.018852497881809517,0.018116210596105124,0.001500618724545518,-0.0007362872857043928
D3_S3_d1_M10,D3,3,0.0,10,C3,0.08361854460463167,0.0,0.018852497881809517,0.0009253839136555557,0.0015132723947962046,0.0009253839136555557
D3_S3_d1_M30,D3,3,0.0,30,P1,0.08361854460463167,0.0,0.018852497881809517,0.07577023316448783,0.0010877849567254658,-0.007848311440143835
D3_S3_d1_M30,D3,3,0.0,30,C1,0.08361854460463167,0.0,0.018852497881809517,0.01821352982339449,0.0009171060281342114,-0.0006389680584150265
D3_S3_d1_M30,D3,3,0.0,30,C2,0.08361854460463167,0.0,0.018852497881809517,0.01821352982339449,0.0009171060281342114,-0.0006389680584150265
D3_S3_d1_M30,D3,3,0.0,30,C3,0.08361854460463167,0.0,0.018852497881809517,-0.0005666419065437923,0.0009286428258844271,-0.0005666419065437923
D3_S3_d2_M5,D3,3,0.5,5,P1,0.5836185446046317,0.5,0.5188524978818095,0.5514565222844268,0.0021094129774711272,-0.03216202232020493
D3_S3_d2_M5,D3,3,0.5,5,C1,0.5836185446046317,0.5,0.5188524978818095,0.5154687955391316,0.0019844261612291902,-0.00338370234267793
D3_S3_d2_M5,D3,3,0.5,5,C2,0.5836185446046317,0.5,0.5188524978818095,0.5154687955391316,0.0019844261612291902,-0.00338370234267793
D3_S3_d2_M5,D3,3,0.5,5,C3,0.5836185446046317,0.5,0.5188524978818095,0.5002371545065191,0.0019891375808224077,0.0002371545065190661
D3_S3_d2_M10,D3,3,0.5,10,P1,0.5836185446046317,0.5,0.5188524978818095,0.5638475252633073,0.0013003712605449877,-0.019771019341324414
D3_S3_d2_M10,D3,3,0.5,10,C1,0.5836185446046317,0.5,0.5188524978818095,0.5173517818962744,0.0011638440809196386,-0.0015007159855351393
D3_S3_d2_M10,D3,3,0.5,10,C2,0.5836185446046317,0.5,0.5188524978818095,0.5173517818962744,0.0011638440809196386,-0.0015007159855351393
D3_S3_d2_M10,D3,3,0.5,10,C3,0.5836185446046317,0.5,0.5188524978818095,0.4998967863517558,0.001169792836995899,-0.00010321364824422696
D3_S3_d2_M30,D3,3,0.5,30,P1,0.5836185446046317,0.5,0.5188524978818095,0.5744753198850726,0.0010976480791295854,-0.009143224719559084
D3_S3_d2_M30,D3,3,0.5,30,C1,0.5836185446046317,0.5,0.5188524978818095,0.5171585750139139,0.0009203177491732606,-0.001693922867895603
D3_S3_d2_M30,D3,3,0.5,30,C2,0.5836185446046317,0.5,0.5188524978818095,0.5171585750139139,0.0009203177491732606,-0.001693922867895603
D3_S3_d2_M30,D3,3,0.5,30,C3,0.5836185446046317,0.5,0.5188524978818095,0.4989089228798274,0.0009316673507118947,-0.00109107712017259
D4_S2_d1_M5,D4,2,0.0,5,P1,0.0,0.0,0.00015183103614867843,-9.256476060832448e-05,0.000878659059536588,-9.256476060832448e-05
D4_S2_d1_M5,D4,2,0.0,5,C1,0.0,0.0,0.00015183103614867843,-1.4211273309111752e-05,0.0007749817969480856,-0.00016604230945779018
D4_S2_d1_M5,D4,2,0.0,5,C2,0.0,0.0,0.00015183103614867843,-1.4211273309111752e-05,0.0007749817969480856,-0.00016604230945779018
D4_S2_d1_M5,D4,2,0.0,5,C3,0.0,0.0,0.00015183103614867843,7.111208421673293e-05,0.0008536075816985072,7.111208421673293e-05
D4_S2_d1_M10,D4,2,0.0,10,P1,0.0,0.0,0.00015183103614867843,-0.0014996912567481397,0.0008170396269082664,-0.0014996912567481397
D4_S2_d1_M10,D4,2,0.0,10,C1,0.0,0.0,0.00015183103614867843,-0.0013753132044870594,0.0006986108687772126,-0.001527144240635738
D4_S2_d1_M10,D4,2,0.0,10,C2,0.0,0.0,0.00015183103614867843,-0.0013753132044870594,0.0006986108687772126,-0.001527144240635738
D4_S2_d1_M10,D4,2,0.0,10,C3,0.0,0.0,0.00015183103614867843,-0.001488838778452941,0.000780093242245459,-0.001488838778452941
D4_S2_d1_M30,D4,2,0.0,30,P1,0.0,0.0,0.00015183103614867843,0.000887828099926617,0.0009687287244722469,0.000887828099926617
D4_S2_d1_M30,D4,2,0.0,30,C1,0.0,0.0,0.00015183103614867843,0.0006338158136689905,0.0008090005835529267,0.0004819847775203121
D4_S2_d1_M30,D4,2,0.0,30,C2,0.0,0.0,0.00015183103614867843,0.0006338158136689905,0.0008090005835529267,0.0004819847775203121
D4_S2_d1_M30,D4,2,0.0,30,C3,0.0,0.0,0.00015183103614867843,0.0002099654348815548,0.0009068671935265946,0.0002099654348815548
D4_S2_d2_M5,D4,2,0.5,5,P1,0.5,0.5,0.5001518310361487,0.5003835298690116,0.000627747013562936,0.0003835298690115785
D4_S2_d2_M5,D4,2,0.5,5,C1,0.5,0.5,0.5001518310361487,0.5002145192395083,0.0005531520503864468,6.268820335963987e-05
D4_S2_d2_M5,D4,2,0.5,5,C2,0.5,0.5,0.5001518310361487,0.5002145192395083,0.0005531520503864468,6.268820335963987e-05
D4_S2_d2_M5,D4,2,0.5,5,C3,0.5,0.5,0.5001518310361487,0.49985623167597865,0.0006125211394944765,-0.00014376832402135387
D4_S2_d2_M10,D4,2,0.5,10,P1,0.5,0.5,0.5001518310361487,0.500805200935864,0.0011301044190819413,0.0008052009358640033
D4_S2_d2_M10,D4,2,0.5,10,C1,0.5,0.5,0.5001518310361487,0.5002306331891635,0.0009699243714307435,7.880215301481197e-05
D4_S2_d2_M10,D4,2,0.5,10,C2,0.5,0.5,0.5001518310361487,0.5002306331891635,0.0009699243714307435,7.880215301481197e-05
D4_S2_d2_M10,D4,2,0.5,10,C3,0.5,0.5,0.5001518310361487,0.5001462895060551,0.001076599540105552,0.00014628950605510838
D4_S2_d2_M30,D4,2,0.5,30,P1,0.5,0.5,0.5001518310361487,0.5000875982326097,0.0009727346261317696,8.759823260973132e-05
D4_S2_d2_M30,D4,2,0.5,30,C1,0.5,0.5,0.5001518310361487,0.499941920670174,0.0008085372982237842,-0.00020991036597467483
D4_S2_d2_M30,D4,2,0.5,30,C2,0.5,0.5,0.5001518310361487,0.499941920670174,0.0008085372982237842,-0.00020991036597467483
D4_S2_d2_M30,D4,2,0.5,30,C3,0.5,0.5,0.5001518310361487,0.5000840332170131,0.0009090831576552813,8.403321701311306e-05
clamp5_S1_d1_M5,clamp5,1,0.0,5,P1,0.0,0.0,0.0,0.0006785325632893221,0.0013652641631353303,0.0006785325632893221
clamp5_S1_d1_M5,clamp5,1,0.0,5,C1,0.0,0.0,0.0,-2.087872449385313e-05,0.0014863118494330364,-2.087872449385313e-05
clamp5_S1_d1_M5,clamp5,1,0.0,5,C2,0.0,0.0,0.0,-2.087872449385313e-05,0.0014863118494330364,-2.087872449385313e-05
clamp5_S1_d1_M5,clamp5,1,0.0,5,C3,0.0,0.0,0.0,0.000710328576097209,0.0016633302368014918,0.000710328576097209
clamp5_S1_d1_M10,clamp5,1,0.0,10,P1,0.0,0.0,0.0,0.0001750653256047045,0.0001322013538291942,0.0001750653256047045
clamp5_S1_d1_M10,clamp5,1,0.0,10,C1,0.0,0.0,0.0,0.00016075184431046987,0.00014454294949647846,0.00016075184431046987
clamp5_S1_d1_M10,clamp5,1,0.0,10,C2,0.0,0.0,0.0,0.00016075184431046987,0.00014454294949647846,0.00016075184431046987
clamp5_S1_d1_M10,clamp5,1,0.0,10,C3,0.0,0.0,0.0,0.00016178758677590736,0.0001658098168583792,0.00016178758677590736
clamp5_S1_d1_M30,clamp5,1,0.0,30,P1,0.0,0.0,0.0,0.0002001199403029647,0.0005313209123150947,0.0002001199403029647
clamp5_S1_d1_M30,clamp5,1,0.0,30,C1,0.0,0.0,0.0,-7.206056496689203e-05,0.0005855587280189834,-7.206056496689203e-05
clamp5_S1_d1_M30,clamp5,1,0.0,30,C2,0.0,0.0,0.0,-7.206056496689203e-05,0.0005855587280189834,-7.206056496689203e-05
clamp5_S1_d1_M30,clamp5,1,0.0,30,C3,0.0,0.0,0.0,0.0007691356585231503,0.000681788368685952,0.0007691356585231503
clamp5_S1_d2_M5,clamp5,1,0.5,5,P1,0.5,0.5,0.5,0.5006283467752284,0.0013515026563040648,0.0006283467752283833
clamp5_S1_d2_M5,clamp5,1,0.5,5,C1,0.5,0.5,0.5,0.501070335994739,0.001475520479890224,0.0010703359947390467
clamp5_S1_d2_M5,clamp5,1,0.5,5,C2,0.5,0.5,0.5,0.501070335994739,0.001475520479890224,0.0010703359947390467
clamp5_S1_d2_M5,clamp5,1,0.5,5,C3,0.5,0.5,0.5,0.5011007997921116,0.0016536812535475854,0.0011007997921116397
clamp5_S1_d2_M10,clamp5,1,0.5,10,P1,0.5,0.5,0.5,0.4990164660344758,0.0009386901675325803,-0.000983533965524197
clamp5_S1_d2_M10,clamp5,1,0.5,10,C1,0.5,0.5,0.5,0.49930270353594786,0.00103039026490374,-0.000697296464052144
clamp5_S1_d2_M10,clamp5,1,0.5,10,C2,0.5,0.5,0.5,0.49930270353594786,0.00103039026490374,-0.000697296464052144
clamp5_S1_d2_M10,clamp5,1,0.5,10,C3,0.5,0.5,0.5,0.49937449824662833,0.0011864462646136939,-0.0006255017533716711
clamp5_S1_d2_M30,clamp5,1,0.5,30,P1,0.5,0.5,0.5,0.5006063290716591,0.0005218512558587035,0.0006063290716591396
clamp5_S1_d2_M30,clamp5,1,0.5,30,C1,0.5,0.5,0.5,0.5011319994287936,0.0005757633812593974,0.0011319994287936064
clamp5_S1_d2_M30,clamp5,1,0.5,30,C2,0.5,0.5,0.5,0.5011319994287936,0.0005757633812593974,0.0011319994287936064
clamp5_S1_d2_M30,clamp5,1,0.5,30,C3,0.5,0.5,0.5,0.5015963599128574,0.0006702903728551655,0.001596359912857448
clamp5_S3_d1_M5,clamp5,3,0.0,5,P1,0.08665149476760768,0.0,0.019444654709078243,0.05372033623183811,0.0024412629062181466,-0.03293115853576957
clamp5_S3_d1_M5,clamp5,3,0.0,5,C1,0.08665149476760768,0.0,0.019444654709078243,0.017545695798098677,0.0022991048490559,-0.0018989589109795653
clamp5_S3_d1_M5,clamp5,3,0.0,5,C2,0.08665149476760768,0.0,0.019444654709078243,0.017545695798098677,0.0022991048490559,-0.0018989589109795653
clamp5_S3_d1_M5,clamp5,3,0.0,5,C3,0.08665149476760768,0.0,0.019444654709078243,0.0013079323312468211,0.0023359504922143056,0.0013079323312468211
clamp5_S3_d1_M10,clamp5,3,0.0,10,P1,0.08665149476760768,0.0,0.019444654709078243,0.06698567952381339,0.0005389950734476278,-0.019665815243794293
clamp5_S3_d1_M10,clamp5,3,0.0,10,C1,0.08665149476760768,0.0,0.019444654709078243,0.01839335526598336,0.0004835716561020854,-0.0010512994430948823
clamp5_S3_d1_M10,clamp5,3,0.0,10,C2,0.08665149476760768,0.0,0.019444654709078243,0.01839335526598336,0.0004835716561020854,-0.0010512994430948823
clamp5_S3_d1_M10,clamp5,3,0.0,10,C3,0.08665149476760768,0.0,0.019444654709078243,-0.00018249758491132432,0.0004922282548592623,-0.00018249758491132432
clamp5_S3_d1_M30,clamp5,3,0.0,30,P1,0.08665149476760768,0.0,0.019444654709078243,0.07949180984028187,0.0010942565091717185,-0.007159684927325813
clamp5_S3_d1_M30,clamp5,3,0.0,30,C1,0.08665149476760768,0.0,0.019444654709078243,0.01964319655061399,0.0009248335389030619,0.00019854184153574733
clamp5_S3_d1_M30,clamp5,3,0.0,30,C2,0.08665149476760768,0.0,0.019444654709078243,0.01964319655061399,0.0009248335389030619,0.00019854184153574733
clamp5_S3_d1_M30,clamp5,3,0.0,30,C3,0.08665149476760768,0.0,0.019444654709078243,0.0003530590943741453,0.0009495897137249053,0.0003530590943741453
clamp5_S3_d2_M5,clamp5,3,0.5,5,P1,0.5866514947676077,0.5,0.5194446547090782,0.5551214048057989,0.0024050550585067946,-0.03153008996180884
clamp5_S3_d2_M5,clamp5,3,0.5,5,C1,0.5866514947676077,0.5,0.5194446547090782,0.5177724498015003,0.002278595013676262,-0.0016722049075779122
clamp5_S3_d2_M5,clamp5,3,0.5,5,C2,0.5866514947676077,0.5,0.5194446547090782,0.5177724498015003,0.002278595013676262,-0.0016722049075779122
clamp5_S3_d2_M5,clamp5,3,0.5,5,C3,0.5866514947676077,0.5,0.5194446547090782,0.5010627582500464,0.0023051905707020047,0.001062758250046425
clamp5_S3_d2_M10,clamp5,3,0.5,10,P1,0.5866514947676077,0.5,0.5194446547090782,0.5661284238831416,0.0004613462143544312,-0.020523070884466144
clamp5_S3_d2_M10,clamp5,3,0.5,10,C1,0.5866514947676077,0.5,0.5194446547090782,0.5182189346363939,0.00041551149306696256,-0.0012257200726842887
clamp5_S3_d2_M10,clamp5,3,0.5,10,C2,0.5866514947676077,0.5,0.5194446547090782,0.5182189346363939,0.00041551149306696256,-0.0012257200726842887
clamp5_S3_d2_M10,clamp5,3,0.5,10,C3,0.5866514947676077,0.5,0.5194446547090782,0.4998305203683957,0.00042346997244469155,-0.0001694796316042968
clamp5_S3_d2_M30,clamp5,3,0.5,30,P1,0.5866514947676077,0.5,0.5194446547090782,0.5787851841609496,0.001093655710588438,-0.0078663106066581
clamp5_S3_d2_M30,clamp5,3,0.5,30,C1,0.5866514947676077,0.5,0.5194446547090782,0.5194225159781395,0.0009283005447573243,-2.2138730938703333e-05
clamp5_S3_d2_M30,clamp5,3,0.5,30,C2,0.5866514947676077,0.5,0.5194446547090782,0.5194225159781395,0.0009283005447573243,-2.2138730938703333e-05
clamp5_S3_d2_M30,clamp5,3,0.5,30,C3,0.5866514947676077,0.5,0.5194446547090782,0.49972966673312674,0.0009469056671428031,-0.0002703332668732572
