cell,family,scen,delta,M,R,method,own_target,T2,T3,T_DL,mean_est,mcse_est,emp_var,emp_sd,mean_width,rej0,rej0_mcse,rejT3,rejT3_mcse,cov_T2,cov_T2_mcse,cov_T3,cov_T3_mcse,cov_T_DL,cov_T_DL_mcse,own_cov,own_cov_mcse,own_class,own_dist_to_boundary
core_S5_d2_M3,core,5,0.5,3,100000,C1,T_DL,0.5836185446046317,0.5,0.5073860233323442,0.5078019991523836,0.002057110725682596,0.4231704537718377,0.6505155292318837,2.263259187416975,0.26327,0.001392691304991885,0.17746,0.001208171959615021,0.82072,0.0012130073437535323,0.82254,0.001208171959615021,0.82275,0.0012076110197410425,0.82275,0.0012076110197410425,OUTSIDE_BELOW,0.09724999999999995
core_S4_d2_M3,core,4,0.5,3,100000,C1,T_DL,0.5,0.5,0.5,0.5037988466097136,0.002034164346490642,0.41378245885337006,0.6432592470018368,2.2501916469262984,0.26051,0.0013879644804533004,0.17648,0.0012055488774827838,0.82352,0.0012055488774827836,0.82352,0.0012055488774827836,0.82352,0.0012055488774827836,0.82352,0.0012055488774827836,OUTSIDE_BELOW,0.0964799999999999
core_S5_d1_M3,core,5,0.0,3,100000,C1,T_DL,0.08361854460463167,0.0,0.0073860233323441915,0.003016855845278001,0.0020518885836238385,0.42102467596058435,0.6488641429148203,2.2638926085369273,0.17615,0.0012046625149808555,0.17615,0.0012046625149808555,0.82165,0.0012105423474624917,0.82385,0.0012046625149808557,0.82392,0.0012044742986049971,0.82392,0.0012044742986049971,OUTSIDE_BELOW,0.09607999999999994
D1_S5_d2_M3,D1,5,0.5,3,20000,C1,T_DL,0.5836185446046317,0.5,0.5075200304203931,0.5118631255747974,0.004571915243784464,0.4180481799269752,0.6465664543780285,2.263306839380747,0.26255,0.003111410431781702,0.17575,0.0026913002201538203,0.8226,0.0027011964015968924,0.82425,0.00269130022015382,0.82415,0.002691902463871973,0.82415,0.002691902463871973,OUTSIDE_BELOW,0.09584999999999988
core_S4_d1_M3,core,4,0.0,3,100000,C1,T_DL,0.0,0.0,0.0,-0.001808970838011079,0.0020395646001836547,0.4159823758322311,0.6449669571631024,2.251514700728736,0.17485,0.001201155599828765,0.17485,0.001201155599828765,0.82515,0.0012011555998287648,0.82515,0.0012011555998287648,0.82515,0.0012011555998287648,0.82515,0.0012011555998287648,OUTSIDE_BELOW,0.09484999999999988
D1_S4_d1_M3,D1,4,0.0,3,20000,C1,T_DL,0.0,0.0,0.0,0.0029765982575405384,0.004544618784848714,0.4130711979919961,0.6427061521348587,2.240223919423957,0.17455,0.002684048225162879,0.17455,0.002684048225162879,0.82545,0.002684048225162879,0.82545,0.002684048225162879,0.82545,0.002684048225162879,0.82545,0.002684048225162879,OUTSIDE_BELOW,0.09454999999999991
D1_S4_d2_M3,D1,4,0.5,3,1000000,C1,T_DL,0.5,0.5,0.5,0.5007400430166692,0.0006419796843933954,0.41213791517384346,0.6419796843933954,2.244382328203321,0.259343,0.00043827412466514604,0.174488,0.0003795285731746689,0.825512,0.0003795285731746689,0.825512,0.0003795285731746689,0.825512,0.0003795285731746689,0.825512,0.0003795285731746689,OUTSIDE_BELOW,0.0944879999999999
D1_S5_d1_M3,D1,5,0.0,3,20000,C1,T_DL,0.08361854460463167,0.0,0.007520030420393065,0.0016446695049451207,0.004558485152178038,0.4155957376525526,0.6446671526086564,2.2634198812394026,0.17165,0.0026663296636012584,0.17165,0.0026663296636012584,0.825,0.002686773157525585,0.82835,0.0026663296636012584,0.8281,0.002667867968996967,0.8281,0.002667867968996967,OUTSIDE_BELOW,0.09189999999999998
core_S3_d1_M3,core,3,0.0,3,100000,C1,T_DL,0.08361854460463167,0.0,0.018306227057702698,0.011500400921773235,0.0012932990520458283,0.16726224380226384,0.40897707002014655,1.4857206502435525,0.13469,0.001079576786986456,0.13469,0.001079576786986456,0.86135,0.00109282284703423,0.86531,0.0010795767869864559,0.86587,0.0010776787234607536,0.86587,0.0010776787234607536,OUTSIDE_BELOW,0.0541299999999999
core_S3_d2_M3,core,3,0.5,3,100000,C1,T_DL,0.5836185446046317,0.5,0.5183062270577027,0.5146511003757324,0.0012935158488244752,0.1673183251160103,0.4090456271811377,1.4878648244847208,0.3525,0.0015107738083512037,0.13472,0.001079678292826155,0.86255,0.0010888411155903323,0.86528,0.0010796782928261545,0.86596,0.0010773730941507683,0.86596,0.0010773730941507683,OUTSIDE_BELOW,0.05403999999999998
core_S2_d1_M3,core,2,0.0,3,100000,C1,T_DL,0.0,0.0,0.0,0.0009404490455414528,0.0012792032867710587,0.163636104888588,0.40451959765700846,1.4699942677972377,0.13229,0.0010713979461432618,0.13229,0.0010713979461432618,0.86771,0.001071397946143262,0.86771,0.001071397946143262,0.86771,0.001071397946143262,0.86771,0.001071397946143262,OUTSIDE_BELOW,0.05228999999999995
D1_S3_d1_M3,D1,3,0.0,3,20000,C1,T_DL,0.08361854460463167,0.0,0.01923982029783763,0.008975557488223849,0.0028260711660320318,0.15973356470955297,0.3996668171234046,1.4680108458843624,0.13185,0.0023923375336686917,0.13185,0.0023923375336686917,0.8657,0.0024110527783522285,0.86815,0.002392337533668692,0.8687,0.0023880987207399946,0.8687,0.0023880987207399946,OUTSIDE_BELOW,0.0512999999999999
D4_S2_d2_M5,D4,2,0.5,5,263467,C1,T_DL,0.5,0.5,0.5001518310361487,0.5002145192395083,0.0005531520503864468,0.08061489254081544,0.2839276184889653,1.0223912871414318,0.49854820527808036,0.0009741034027605891,0.13051349884425753,0.0006562903599253179,0.8694865011557424,0.000656290359925318,0.8694865011557424,0.000656290359925318,0.8694713189887159,0.0006563228006415362,0.8694713189887159,0.0006563228006415362,OUTSIDE_BELOW,0.05052868101128405
core_S2_d2_M3,core,2,0.5,3,100000,C1,T_DL,0.5,0.5,0.5,0.5004673046245397,0.0012731345066107676,0.16208714719230427,0.40260048086447225,1.469851315014819,0.34184,0.0014999513805453828,0.13031,0.0010645623697087927,0.86969,0.0010645623697087927,0.86969,0.0010645623697087927,0.86969,0.0010645623697087927,0.86969,0.0010645623697087927,OUTSIDE_BELOW,0.050309999999999966
D4_S2_d1_M5,D4,2,0.0,5,134196,C1,T_DL,0.0,0.0,0.00015183103614867843,-1.4211273309111752e-05,0.0007749817969480856,0.08059768624049618,0.28389731636719673,1.0225875910466604,0.12987719455125338,0.0009176708568624645,0.12987719455125338,0.0009176708568624645,0.8701228054487467,0.0009176708568624645,0.8701228054487467,0.0009176708568624645,0.8701004500879311,0.0009177380418135051,0.8701004500879311,0.0009177380418135051,OUTSIDE_BELOW,0.0498995499120688
D1_S5_d2_M5,D1,5,0.5,5,20000,C1,T_DL,0.5836185446046317,0.5,0.5075200304203931,0.5033866768450984,0.003540947256112007,0.25076614941134306,0.5007655633241398,1.8186591807122907,0.2643,0.0031180563657509466,0.1292,0.0023717858250693717,0.8685,0.002389641709545596,0.8708,0.0023717858250693717,0.87075,0.0023721766112581076,0.87075,0.0023721766112581076,OUTSIDE_BELOW,0.049249999999999905
D1_S2_d1_M3,D1,2,0.0,3,20000,C1,T_DL,0.0,0.0,0.0,-0.0008875548546124438,0.0027939030202068513,0.15611788172641933,0.3951175543131681,1.4475063902569585,0.1283,0.0023647315915342275,0.1283,0.0023647315915342275,0.8717,0.002364731591534227,0.8717,0.002364731591534227,0.8717,0.002364731591534227,0.8717,0.002364731591534227,OUTSIDE_BELOW,0.0482999999999999
D1_S2_d2_M3,D1,2,0.5,3,20000,C1,T_DL,0.5,0.5,0.5,0.5011444621967638,0.0027888639780395148,0.15555524576012775,0.39440492613572636,1.453666189660702,0.3469,0.0033657123317360326,0.12805,0.002362765302563926,0.87195,0.002362765302563926,0.87195,0.002362765302563926,0.87195,0.002362765302563926,0.87195,0.002362765302563926,OUTSIDE_BELOW,0.048049999999999926
core_S5_d1_M5,core,5,0.0,5,100000,C1,T_DL,0.08361854460463167,0.0,0.0073860233323441915,0.006190529626889043,0.0015881970890226974,0.25223699935801697,0.5022320174560927,1.833269335011922,0.12822,0.001057258868962564,0.12822,0.001057258868962564,0.87013,0.0010630323753301216,0.87178,0.001057258868962564,0.87206,0.0010562734324028038,0.87206,0.0010562734324028038,OUTSIDE_BELOW,0.04793999999999998
D1_S5_d1_M5,D1,5,0.0,5,20000,C1,T_DL,0.08361854460463167,0.0,0.007520030420393065,0.00608094296830937,0.003521571706976704,0.24802934574757635,0.4980254468875826,1.8167843093292504,0.12765,0.002359613077392139,0.12765,0.002359613077392139,0.87025,0.0023760780448040843,0.87235,0.0023596130773921396,0.8721,0.002361584108178237,0.8721,0.002361584108178237,OUTSIDE_BELOW,0.04789999999999994
core_S5_d2_M5,core,5,0.5,5,100000,C1,T_DL,0.5836185446046317,0.5,0.5073860233323442,0.5043631487421742,0.0015926070313033876,0.25363971561569904,0.5036265636517786,1.83368192518821,0.26332,0.0013927762835430535,0.12785,0.001055956331956961,0.86895,0.00106712650374733,0.87215,0.0010559563319569613,0.8722,0.001055780090738597,0.8722,0.001055780090738597,OUTSIDE_BELOW,0.047799999999999954
D1_S4_d2_M5,D1,4,0.5,5,27016,C1,T_DL,0.5,0.5,0.5,0.5009882585788632,0.0030232242018260838,0.24692312166488006,0.49691359577383276,1.8017307122840045,0.2639176784127924,0.0026815562475123447,0.12714687592537754,0.002026809393427472,0.8728531240746225,0.002026809393427472,0.8728531240746225,0.002026809393427472,0.8728531240746225,0.002026809393427472,0.8728531240746225,0.002026809393427472,OUTSIDE_BELOW,0.047146875925377474
core_S4_d1_M5,core,4,0.0,5,100000,C1,T_DL,0.0,0.0,0.0,-0.0003402501384432176,0.0015798984376563048,0.24960790733088334,0.4996077534735458,1.8233515955444262,0.12647,0.0010510724955967595,0.12647,0.0010510724955967595,0.87353,0.0010510724955967595,0.87353,0.0010510724955967595,0.87353,0.0010510724955967595,0.87353,0.0010510724955967595,OUTSIDE_BELOW,0.0464699999999999
D1_S4_d1_M5,D1,4,0.0,5,20000,C1,T_DL,0.0,0.0,0.0,-0.0028812203647477657,0.0035137405409964998,0.24692745178884748,0.4969179527737426,1.8148895971785408,0.12635,0.0023493156184301845,0.12635,0.0023493156184301845,0.87365,0.002349315618430184,0.87365,0.002349315618430184,0.87365,0.002349315618430184,0.87365,0.002349315618430184,OUTSIDE_BELOW,0.04634999999999989
core_S4_d2_M5,core,4,0.5,5,100000,C1,T_DL,0.5,0.5,0.5,0.49785054121538885,0.0015741826971716203,0.24780511640745173,0.497800277628942,1.8249478850456533,0.25765,0.0013829912418377782,0.12601,0.0010494354668106087,0.87399,0.0010494354668106084,0.87399,0.0010494354668106084,0.87399,0.0010494354668106084,0.87399,0.0010494354668106084,OUTSIDE_BELOW,0.046009999999999884
D1_S3_d2_M3,D1,3,0.5,3,20000,C1,T_DL,0.5836185446046317,0.5,0.5192398202978377,0.5116633750601317,0.0028170629529222827,0.15871687361454423,0.3983928634081492,1.4713723261620821,0.35365,0.003380692809913376,0.12475,0.002336529878901616,0.87185,0.002363552173107249,0.87525,0.0023365298789016164,0.87595,0.002330896796299656,0.87595,0.002330896796299656,OUTSIDE_BELOW,0.04404999999999992
clamp5_S3_d1_M5,clamp5,3,0.0,5,20000,C1,T_DL,0.08665149476760768,0.0,0.019444654709078243,0.017545695798098677,0.0022991048490559,0.10571766213904708,0.32514252588526016,1.1779841103897095,0.1174,0.002276150697998707,0.1174,0.002276150697998707,0.8785,0.0023101704482570116,0.8826,0.0022761506979987064,0.88295,0.0022732058584738865,0.88295,0.0022732058584738865,OUTSIDE_BELOW,0.037049999999999916
clamp5_S3_d2_M5,clamp5,3,0.5,5,20000,C1,T_DL,0.5866514947676077,0.5,0.5194446547090782,0.5177724498015003,0.002278595013676262,0.1038399047270065,0.3222419971496678,1.1789556928630396,0.4428,0.0035123223086727107,0.11765,0.0022782501783166834,0.8788,0.002307710553774021,0.88235,0.002278250178316684,0.88425,0.002262210616852463,0.88425,0.002262210616852463,OUTSIDE_BELOW,0.03574999999999995
D1_S3_d1_M5,D1,3,0.0,5,20000,C1,T_DL,0.08361854460463167,0.0,0.01923982029783763,0.020456202443121223,0.002198665995789879,0.09668264322085404,0.3109383270374594,1.1377097820859512,0.1154,0.002259234826218824,0.1154,0.002259234826218824,0.8813,0.0022870320286344924,0.8846,0.0022592348262188235,0.88565,0.0022502675118749767,0.88565,0.0022502675118749767,OUTSIDE_BELOW,0.03434999999999988
core_S3_d2_M5,core,3,0.5,5,100000,C1,T_DL,0.5836185446046317,0.5,0.5183062270577027,0.5145875383440983,0.0010017502334483406,0.10035035302138051,0.31678123843021466,1.1625478110146046,0.44386,0.0015711406697046578,0.11365,0.001003661683536838,0.88109,0.0010235741883224683,0.88635,0.0010036616835368381,0.88607,0.0010047385485786836,0.88607,0.0010047385485786836,OUTSIDE_BELOW,0.033929999999999905
D3_S3_d1_M5,D3,3,0.0,5,20639,C1,T_DL,0.08361854460463167,0.0,0.018852497881809517,0.01506009554027409,0.0022226492545397037,0.10196016261798109,0.319312014521817,1.1724362217868933,0.1146373370802849,0.002217580125461317,0.1146373370802849,0.002217580125461317,0.8817772178884636,0.00224742754356207,0.8853626629197151,0.002217580125461317,0.8863801540772325,0.0022089850890317955,0.8863801540772325,0.0022089850890317955,OUTSIDE_BELOW,0.033619845922767455
core_S3_d1_M5,core,3,0.0,5,100000,C1,T_DL,0.08361854460463167,0.0,0.018306227057702698,0.014199653166097006,0.0009993914310017626,0.09987832323597508,0.3160353196020582,1.1618235363458909,0.11361,0.0010035076875639767,0.11361,0.0010035076875639767,0.88106,0.0010236858717399594,0.88639,0.0010035076875639767,0.88658,0.0010027756658395734,0.88658,0.0010027756658395734,OUTSIDE_BELOW,0.033419999999999894
D3_S3_d2_M5,D3,3,0.5,5,25942,C1,T_DL,0.5836185446046317,0.5,0.5188524978818095,0.5154687955391316,0.0019844261612291902,0.1021582259866578,0.3196220048536361,1.1735004036689558,0.44221725387402666,0.003083533366469662,0.11406213861691465,0.0019736523616658954,0.8826613214092977,0.001998094006388197,0.8859378613830854,0.0019736523616658954,0.8868630020815665,0.0019666581062479133,0.8868630020815665,0.0019666581062479133,OUTSIDE_BELOW,0.033136997918433386
D1_S2_d1_M5,D1,2,0.0,5,20000,C1,T_DL,0.0,0.0,0.0,0.0027034697189553952,0.00215522080210349,0.09289953411639224,0.30479424882433764,1.1195001540264293,0.113,0.0022386491462486925,0.113,0.0022386491462486925,0.887,0.0022386491462486925,0.887,0.0022386491462486925,0.887,0.0022386491462486925,0.887,0.0022386491462486925,OUTSIDE_BELOW,0.03299999999999992
core_S2_d2_M5,core,2,0.5,5,619687,C1,T_DL,0.5,0.5,0.5,0.5006740959214092,0.00039524483212762033,0.096806559557224,0.3111375251512167,1.1450794572374725,0.43408043092722615,0.0006296167408335645,0.11219535023326292,0.0004009220517256815,0.8878046497667371,0.0004009220517256815,0.8878046497667371,0.0004009220517256815,0.8878046497667371,0.0004009220517256815,0.8878046497667371,0.0004009220517256815,OUTSIDE_BELOW,0.03219535023326281
core_S2_d1_M5,core,2,0.0,5,159755,C1,T_DL,0.0,0.0,0.0,0.0008972528716238567,0.0007792636065184202,0.09701150626778644,0.31146670169985496,1.1464730087638695,0.11164595787299302,0.0007879294146305743,0.11164595787299302,0.0007879294146305743,0.888354042127007,0.0007879294146305743,0.888354042127007,0.0007879294146305743,0.888354042127007,0.0007879294146305743,0.888354042127007,0.0007879294146305743,OUTSIDE_BELOW,0.03164595787299296
D1_S3_d2_M5,D1,3,0.5,5,46644,C1,T_DL,0.5836185446046317,0.5,0.5192398202978377,0.5135277891614082,0.0014320244157372153,0.0956525675434659,0.30927749278514577,1.1406950262453404,0.4514835777377583,0.0023041879596866007,0.10983191836034645,0.0014477794244159318,0.8841437269530915,0.0014819150834674303,0.8901680816396536,0.0014477794244159318,0.8902323985936026,0.001447407743241996,0.8902323985936026,0.001447407743241996,OUTSIDE_BELOW,0.029767601406397337
D1_S2_d2_M5,D1,2,0.5,5,320259,C1,T_DL,0.5,0.5,0.5,0.5002346438917861,0.0005370509561587599,0.09237029518947559,0.3039248183177471,1.122503743331506,0.44353476405034675,0.0008778739863310357,0.10851217296001049,0.0005495994219163269,0.8914878270399895,0.0005495994219163269,0.8914878270399895,0.0005495994219163269,0.8914878270399895,0.0005495994219163269,0.8914878270399895,0.0005495994219163269,OUTSIDE_BELOW,0.028512172960010407
D2_S3_d2_M5,D2,3,0.5,5,20000,C1,T_DL,0.5521592791767634,0.5,0.5158536826843566,0.514714883650589,0.002225022285736878,0.09901448344051522,0.3146656693071477,1.1755184449803793,0.4321,0.0035027816803220838,0.1088,0.002201846497828584,0.8914,0.0022000686352929995,0.8912,0.002201846497828584,0.8925,0.0021902482735982245,0.8925,0.0021902482735982245,OUTSIDE_BELOW,0.02749999999999997
D2_S3_d1_M5,D2,3,0.0,5,20000,C1,T_DL,0.05215927917676345,0.0,0.01585368268435662,0.013080407014956106,0.002217672626870604,0.09836143759942333,0.31362627058239767,1.171894788450645,0.10465,0.0021644673420959716,0.10465,0.0021644673420959716,0.89505,0.0021672043916068457,0.89535,0.002164467342095972,0.8959,0.002159434995548604,0.8959,0.002159434995548604,OUTSIDE_BELOW,0.0240999999999999
D1_S2_d1_M3,D1,2,0.0,3,20000,P3,T2,0.0,0.0,0.0,-0.0014954155257811085,0.002902089211130977,0.16844243578725634,0.41041739215980644,9.698308989643106,5e-05,4.999874998437461e-05,5e-05,4.999874998437461e-05,0.99995,4.999874998437186e-05,0.99995,4.999874998437186e-05,0.99995,4.999874998437186e-05,0.99995,4.999874998437186e-05,OUTSIDE_ABOVE,0.019950000000000023
core_S4_d1_M3,core,4,0.0,3,100000,P3,T2,0.0,0.0,0.0,-0.0019323955081537556,0.0021871504702562095,0.478362717954196,0.6916377071517977,16.307650550039504,0.00013,3.605316907013862e-05,0.00013,3.605316907013862e-05,0.99987,3.605316907013356e-05,0.99987,3.605316907013356e-05,0.99987,3.605316907013356e-05,0.99987,3.605316907013356e-05,OUTSIDE_ABOVE,0.019870000000000054
D1_S1_d1_M3,D1,1,0.0,3,20000,P3,T2,0.0,0.0,0.0,0.0015318001755797806,0.0017848624433664947,0.06371467883480428,0.2524176674379277,5.906539069678267,0.00015,8.659604494432757e-05,0.00015,8.659604494432757e-05,0.99985,8.65960449443228e-05,0.99985,8.65960449443228e-05,0.99985,8.65960449443228e-05,0.99985,8.65960449443228e-05,OUTSIDE_ABOVE,0.019850000000000034
core_S1_d1_M3,core,1,0.0,3,100000,P3,T2,0.0,0.0,0.0,-0.0002711304418153488,0.0008035657300050352,0.06457178824385253,0.25410979564718184,5.93653250942596,0.00016,3.9996799871989764e-05,0.00016,3.9996799871989764e-05,0.99984,3.999679987199588e-05,0.99984,3.999679987199588e-05,0.99984,3.999679987199588e-05,0.99984,3.999679987199588e-05,OUTSIDE_ABOVE,0.01983999999999997
core_S5_d1_M3,core,5,0.0,3,100000,P3,T2,0.08361854460463167,0.0,0.0073860233323441915,0.03295649344169387,0.0022152127817348668,0.4907167668361527,0.7005117892199622,16.484669213820283,0.00014,3.741395461589165e-05,0.00014,3.741395461589165e-05,0.99984,3.999679987199588e-05,0.99986,3.7413954615895524e-05,0.99986,3.7413954615895524e-05,0.99984,3.999679987199588e-05,OUTSIDE_ABOVE,0.01983999999999997
core_S2_d1_M3,core,2,0.0,3,100000,P3,T2,0.0,0.0,0.0,0.0021846751447567245,0.0013021981454298173,0.16957200099608563,0.4117912104405406,9.710624166029977,0.00017,4.122755146743498e-05,0.00017,4.122755146743498e-05,0.99983,4.12275514674354e-05,0.99983,4.12275514674354e-05,0.99983,4.12275514674354e-05,0.99983,4.12275514674354e-05,OUTSIDE_ABOVE,0.019830000000000014
core_S3_d1_M3,core,3,0.0,3,100000,P3,T2,0.08361854460463167,0.0,0.018306227057702698,0.03746828175847245,0.0013425981669848847,0.18025698379911723,0.4245668190039316,10.013396014771633,0.00016,3.9996799871989764e-05,0.00016,3.9996799871989764e-05,0.99981,4.3584848284699064e-05,0.99984,3.999679987199588e-05,0.99984,3.999679987199588e-05,0.99981,4.3584848284699064e-05,OUTSIDE_ABOVE,0.019809999999999994
D1_S4_d1_M3,D1,4,0.0,3,20000,P3,T2,0.0,0.0,0.0,0.004679676975560195,0.004890352926943907,0.4783110350013769,0.6916003434075035,16.273181937484328,0.0002,9.998999949994999e-05,0.0002,9.998999949994999e-05,0.9998,9.998999949994449e-05,0.9998,9.998999949994449e-05,0.9998,9.998999949994449e-05,0.9998,9.998999949994449e-05,OUTSIDE_ABOVE,0.01980000000000004
D1_S5_d1_M3,D1,5,0.0,3,20000,P3,T2,0.08361854460463167,0.0,0.007520030420393065,0.03153820182970408,0.0049731284300644435,0.4946401276383048,0.7033065673220354,16.575318836602534,0.00025,0.00011178942257655686,0.00025,0.00011178942257655686,0.99965,0.00013226441320324253,0.99975,0.00011178942257655069,0.99975,0.00011178942257655069,0.99965,0.00013226441320324253,OUTSIDE_ABOVE,0.019650000000000056
D1_S3_d1_M3,D1,3,0.0,3,20000,P3,T2,0.08361854460463167,0.0,0.01923982029783763,0.035126950663983234,0.002991645756673318,0.17899888666842942,0.4230826002903327,10.001940628687661,0.00045,0.00014996624620227048,0.00045,0.00014996624620227048,0.9996,0.0001413930691370613,0.99955,0.0001499662462022622,0.99955,0.0001499662462022622,0.9996,0.0001413930691370613,OUTSIDE_ABOVE,0.019600000000000062
D1_S4_d2_M3,D1,4,0.5,3,1000000,P3,T2,0.5,0.5,0.5,0.5006857365060223,0.0006920390733619057,0.4789180790596051,0.6920390733619057,17.197211709752025,0.000284,1.684990634988812e-05,0.000738,2.715612925289611e-05,0.999262,2.7156129252896416e-05,0.999262,2.7156129252896416e-05,0.999262,2.7156129252896416e-05,0.999262,2.7156129252896416e-05,OUTSIDE_ABOVE,0.019262
core_S4_d2_M3,core,4,0.5,3,100000,P3,T2,0.5,0.5,0.5,0.5035482555318,0.0021834480684486813,0.47674454676122785,0.6904669048993064,17.200075444877797,0.0003,5.476403929587371e-05,0.00083,9.106651964360997e-05,0.99917,9.106651964360982e-05,0.99917,9.106651964360982e-05,0.99917,9.106651964360982e-05,0.99917,9.106651964360982e-05,OUTSIDE_ABOVE,0.01917000000000002
D1_S5_d2_M3,D1,5,0.5,3,20000,P3,T2,0.5836185446046317,0.5,0.5075200304203931,0.5418379390668407,0.004978962257961854,0.4958013033241721,0.7041315951753423,17.8762868738458,0.00045,0.00014996624620227048,0.0008,0.00019991998399359682,0.99905,0.00021784139872852524,0.9992,0.00019991998399359966,0.9992,0.00019991998399359966,0.99905,0.00021784139872852524,OUTSIDE_ABOVE,0.01905000000000001
core_S1_d2_M300,core,1,0.5,300,100000,P3,T2,0.5,0.5,0.5,0.500019419074627,7.314963799907774e-05,0.0005350869539396119,0.023131946609388755,0.16112903780262652,1.0,3.162277660168379e-153,0.00104,0.00010192734667399127,0.99896,0.00010192734667399328,0.99896,0.00010192734667399328,0.99896,0.00010192734667399328,0.99896,0.00010192734667399328,OUTSIDE_ABOVE,0.018959999999999977
core_S5_d2_M3,core,5,0.5,3,100000,P3,T2,0.5836185446046317,0.5,0.5073860233323442,0.5389452476067412,0.0022249571018796025,0.49504341052044804,0.7035932138106848,17.84863196317643,0.00022,4.689899785709712e-05,0.00084,9.161301217621872e-05,0.99896,0.00010192734667399328,0.99916,9.161301217621611e-05,0.99913,9.32332076033018e-05,0.99896,0.00010192734667399328,OUTSIDE_ABOVE,0.018959999999999977
core_S1_d2_M3,core,1,0.5,3,100000,P3,T2,0.5,0.5,0.5,0.5005613515223672,0.0008011581414191715,0.06418543675622213,0.25334844928718653,8.355230293263507,0.00075,8.657005833427629e-05,0.00106,0.00010290172010224125,0.99894,0.00010290172010223881,0.99894,0.00010290172010223881,0.99894,0.00010290172010223881,0.99894,0.00010290172010223881,OUTSIDE_ABOVE,0.018940000000000068
core_S2_d2_M3,core,2,0.5,3,100000,P3,T2,0.5,0.5,0.5,0.5001690759704145,0.0012952371153701677,0.16776391850324335,0.40958993945560157,11.146028660351517,0.00038,6.163242653019594e-05,0.00125,0.00011173349990043273,0.99875,0.00011173349990043154,0.99875,0.00011173349990043154,0.99875,0.00011173349990043154,0.99875,0.00011173349990043154,OUTSIDE_ABOVE,0.018750000000000044
D1_S1_d2_M3,D1,1,0.5,3,20000,P3,T2,0.5,0.5,0.5,0.5012518943231836,0.0017942415351262858,0.0643860537274466,0.25374407131487153,8.302748944984614,0.00105,0.00022900846054240006,0.0014,0.0002643898636483631,0.9986,0.000264389863648359,0.9986,0.000264389863648359,0.9986,0.000264389863648359,0.9986,0.000264389863648359,OUTSIDE_ABOVE,0.01860000000000006
D1_S2_d2_M3,D1,2,0.5,3,20000,P3,T2,0.5,0.5,0.5,0.5017791149415894,0.002894577331082518,0.16757155851233585,0.40935505189546134,11.201328025808412,0.0005,0.0001580743495953724,0.0014,0.0002643898636483631,0.9986,0.000264389863648359,0.9986,0.000264389863648359,0.9986,0.000264389863648359,0.9986,0.000264389863648359,OUTSIDE_ABOVE,0.01860000000000006
core_S3_d2_M3,core,3,0.5,3,100000,P3,T2,0.5836185446046317,0.5,0.5183062270577027,0.540064654012506,0.0013402077074288505,0.17961566990516958,0.42381088931877337,12.14276832589409,0.00041,6.401811462390937e-05,0.00131,0.00011438023867784156,0.9981,0.00013770947679807706,0.99869,0.00011438023867784299,0.9986,0.00011823874153592624,0.9981,0.00013770947679807706,OUTSIDE_ABOVE,0.018100000000000005
D1_S1_d2_M100,D1,1,0.5,100,20000,P3,T2,0.5,0.5,0.5,0.49984759601898204,0.0002842492140229718,0.0016159523134535447,0.04019890935651793,0.27814078431167594,1.0,7.071067811865475e-153,0.00195,0.00031194530770633496,0.99805,0.00031194530770633556,0.99805,0.00031194530770633556,0.99805,0.00031194530770633556,0.99805,0.00031194530770633556,OUTSIDE_ABOVE,0.01805000000000001
D1_S3_d2_M3,D1,3,0.5,3,20000,P3,T2,0.5836185446046317,0.5,0.5192398202978377,0.5369421255104535,0.00298322030653843,0.1779920679468649,0.42189106170534696,12.122800504012792,0.0003,0.00012245611458804333,0.0015,0.00027365580571221215,0.9978,0.0003312974494317742,0.9985,0.0002736558057122072,0.9983,0.0002912996738755499,0.9978,0.0003312974494317742,OUTSIDE_ABOVE,0.017800000000000038
core_S1_d2_M100,core,1,0.5,100,100000,P3,T2,0.5,0.5,0.5,0.5000914483033037,0.0001273412893673704,0.0016215803977744359,0.04026885145834726,0.27824478142799397,1.0,3.162277660168379e-153,0.00237,0.0001537655065351134,0.99763,0.00015376550653511286,0.99763,0.00015376550653511286,0.99763,0.00015376550653511286,0.99763,0.00015376550653511286,OUTSIDE_ABOVE,0.017630000000000035
clamp5_S1_d2_M30,clamp5,1,0.5,30,20000,P3,T2,0.5,0.5,0.5,0.5006063290716591,0.0005218512558587035,0.00544657466482612,0.07380091235768106,0.5223109598734117,0.9978,0.0003312974494317742,0.0049,0.0004937605695071246,0.9951,0.0004937605695071253,0.9951,0.0004937605695071253,0.9951,0.0004937605695071253,0.9951,0.0004937605695071253,OUTSIDE_ABOVE,0.015100000000000002
clamp5_S1_d1_M5,clamp5,1,0.0,5,20000,P3,T2,0.0,0.0,0.0,0.0006785325632893221,0.0013652641631353303,0.03727892470283228,0.1930775095727938,1.181749980864798,0.0051,0.0005036859140377067,0.0051,0.0005036859140377067,0.9949,0.0005036859140377063,0.9949,0.0005036859140377063,0.9949,0.0005036859140377063,0.9949,0.0005036859140377063,OUTSIDE_ABOVE,0.014900000000000024
core_S4_d1_M5,core,4,0.0,5,100000,P3,T2,0.0,0.0,0.0,0.000739765505215283,0.0017541003448866095,0.30768680199313225,0.5546952334328575,3.3539402637434845,0.00551,0.0002340863067332218,0.00551,0.0002340863067332218,0.99449,0.0002340863067332221,0.99449,0.0002340863067332221,0.99449,0.0002340863067332221,0.99449,0.0002340863067332221,OUTSIDE_ABOVE,0.014490000000000003
D4_S2_d1_M5,D4,2,0.0,5,134196,P3,T2,0.0,0.0,0.00015183103614867843,-9.256476060832448e-05,0.000878659059536588,0.10360491373097615,0.3218771718077816,1.949860448382117,0.005544129482249843,0.00020269342198539326,0.005544129482249843,0.00020269342198539326,0.9944558705177502,0.00020269342198539253,0.9944558705177502,0.00020269342198539253,0.9944633223046887,0.00020255791639710855,0.9944558705177502,0.00020269342198539253,OUTSIDE_ABOVE,0.014455870517750213
D1_S1_d2_M30,D1,1,0.5,30,20000,P3,T2,0.5,0.5,0.5,0.49898759662807135,0.0005162137844168403,0.00532953342443912,0.07300365350062366,0.508205126290598,0.9977,0.00033872629068319813,0.00565,0.00053000365564777,0.99435,0.0005300036556477721,0.99435,0.0005300036556477721,0.99435,0.0005300036556477721,0.99435,0.0005300036556477721,OUTSIDE_ABOVE,0.014349999999999974
D4_S2_d1_M10,D4,2,0.0,10,81362,C1,T_DL,0.0,0.0,0.00015183103614867843,-0.0013753132044870594,0.0006986108687772126,0.039709305510708254,0.1992719385932406,0.7440777907400179,0.09428234310857649,0.0010244736507047595,0.09428234310857649,0.0010244736507047595,0.9057176568914235,0.00102447365070476,0.9057176568914235,0.00102447365070476,0.9057176568914235,0.00102447365070476,0.9057176568914235,0.00102447365070476,OUTSIDE_BELOW,0.014282343108576456
D1_S4_d1_M5,D1,4,0.0,5,20000,P3,T2,0.0,0.0,0.0,-0.0025239623977384214,0.003907396398904619,0.30535493236345573,0.5525892980898705,3.351802840908115,0.00605,0.0005483337259370428,0.00605,0.0005483337259370428,0.99395,0.0005483337259370428,0.99395,0.0005483337259370428,0.99395,0.0005483337259370428,0.99395,0.0005483337259370428,OUTSIDE_ABOVE,0.013950000000000018
D1_S2_d1_M5,D1,2,0.0,5,20000,P3,T2,0.0,0.0,0.0,0.002725271591981836,0.002285454377186606,0.10446603420402834,0.3232120576402253,1.959574260704386,0.0061,0.0005505810567028256,0.0061,0.0005505810567028256,0.9939,0.0005505810567028253,0.9939,0.0005505810567028253,0.9939,0.0005505810567028253,0.9939,0.0005505810567028253,OUTSIDE_ABOVE,0.013900000000000023
core_S2_d1_M5,core,2,0.0,5,159755,P3,T2,0.0,0.0,0.0,0.0004280187394342489,0.0008092885690574687,0.10463121582407191,0.3234674880479828,1.969915793011206,0.0062220274795781036,0.00019673580910345315,0.0062220274795781036,0.00019673580910345315,0.9937779725204219,0.0001967358091034534,0.9937779725204219,0.0001967358091034534,0.9937779725204219,0.0001967358091034534,0.9937779725204219,0.0001967358091034534,OUTSIDE_ABOVE,0.0137779725204219
core_S1_d2_M30,core,1,0.5,30,100000,P3,T2,0.5,0.5,0.5,0.4998411207481442,0.0002332924996985972,0.005442539041562,0.07377356600817124,0.5082521028880496,0.99807,0.00013879031306254726,0.00653,0.00025470294658680334,0.99347,0.00025470294658680405,0.99347,0.00025470294658680405,0.99347,0.00025470294658680405,0.99347,0.00025470294658680405,OUTSIDE_ABOVE,0.013469999999999982
D3_S1_d2_M30,D3,1,0.5,30,20000,P3,T2,0.5,0.5,0.5,0.49990823786350846,0.0005274648694077485,0.005564383769186665,0.07459479719917915,0.5119975480086559,0.99835,0.00028699107128968667,0.0069,0.0005853370823722003,0.9931,0.0005853370823722011,0.9931,0.0005853370823722011,0.9931,0.0005853370823722011,0.9931,0.0005853370823722011,OUTSIDE_ABOVE,0.0131
clamp5_S3_d1_M5,clamp5,3,0.0,5,20000,P2,T2,0.08665149476760768,0.0,0.019444654709078243,0.05372033623183811,0.0024412629062181466,0.11919529154553342,0.345246711129206,1.5022701232134728,0.09475,0.0020708988084887203,0.09475,0.0020708988084887203,0.90705,0.0020531719058568864,0.90525,0.0020708988084887203,0.90715,0.002052180273514001,0.90705,0.0020531719058568864,OUTSIDE_BELOW,0.012949999999999906
D1_S1_d1_M5,D1,1,0.0,5,20000,P3,T2,0.0,0.0,0.0,0.0001894597637690096,0.001333451237930461,0.03556184407876558,0.1885784825444451,1.148722907670966,0.00725,0.0005998932196649668,0.00725,0.0005998932196649668,0.99275,0.0005998932196649659,0.99275,0.0005998932196649659,0.99275,0.0005998932196649659,0.99275,0.0005998932196649659,OUTSIDE_ABOVE,0.012750000000000039
core_S1_d2_M3,core,1,0.5,3,100000,P1,T2,0.5,0.5,0.5,0.5005613515223672,0.0008011581414191715,0.06418543675622213,0.25334844928718653,5.254239790167104,0.0444,0.0006513727043713146,0.00731,0.0002693801013438075,0.99269,0.0002693801013438082,0.99269,0.0002693801013438082,0.99269,0.0002693801013438082,0.99269,0.0002693801013438082,OUTSIDE_ABOVE,0.012689999999999979
core_S1_d2_M3,core,1,0.5,3,100000,P4,T2,0.5,0.5,0.5,0.5004067186390919,0.0008185041588119522,0.06699490579924616,0.2588337416165948,5.254239790167103,0.04435,0.0006510228682619374,0.00738,0.0002706572666676437,0.99262,0.00027065726666764467,0.99262,0.00027065726666764467,0.99262,0.00027065726666764467,0.99262,0.00027065726666764467,OUTSIDE_ABOVE,0.012619999999999965
D3_S1_d1_M5,D3,1,0.0,5,20000,P3,T2,0.0,0.0,0.0,0.0005587285211583326,0.0013622090265219603,0.03711226863875814,0.19264544800944075,1.181469966429882,0.00745,0.0006080500596168049,0.00745,0.0006080500596168049,0.99255,0.0006080500596168031,0.99255,0.0006080500596168031,0.99255,0.0006080500596168031,0.99255,0.0006080500596168031,OUTSIDE_ABOVE,0.012550000000000061
core_S1_d1_M5,core,1,0.0,5,100000,P3,T2,0.0,0.0,0.0,0.0008283662508424749,0.0006009706754950982,0.036116575280503466,0.19004361415344495,1.162163707979748,0.0075,0.00027283236611516605,0.0075,0.00027283236611516605,0.9925,0.00027283236611516513,0.9925,0.00027283236611516513,0.9925,0.00027283236611516513,0.9925,0.00027283236611516513,OUTSIDE_ABOVE,0.012500000000000067
core_S5_d1_M5,core,5,0.0,5,100000,P3,T2,0.08361854460463167,0.0,0.0073860233323441915,0.0515649021525605,0.0017838570815633039,0.31821460874435487,0.5641051397960799,3.4025133681097697,0.00641,0.0002523670323160297,0.00641,0.0002523670323160297,0.99238,0.00027498973799034684,0.99359,0.00025236703231603025,0.99365,0.000251190714398442,0.99238,0.00027498973799034684,OUTSIDE_ABOVE,0.012380000000000058
clamp5_S3_d1_M5,clamp5,3,0.0,5,20000,P3,T2,0.08665149476760768,0.0,0.019444654709078243,0.05372033623183811,0.0024412629062181466,0.11919529154553342,0.345246711129206,2.091075963540353,0.00555,0.0005253188317583903,0.00555,0.0005253188317583903,0.99235,0.0006160956703305115,0.99445,0.0005253188317583929,0.99465,0.0005158186454559376,0.99235,0.0006160956703305115,OUTSIDE_ABOVE,0.012349999999999972
D1_S1_d1_M3,D1,1,0.0,3,20000,P1,T2,0.0,0.0,0.0,0.0015318001755797806,0.0017848624433664947,0.06371467883480428,0.2524176674379277,5.204982242314195,0.0079,0.0006260027955209146,0.0079,0.0006260027955209146,0.9921,0.0006260027955209153,0.9921,0.0006260027955209153,0.9921,0.0006260027955209153,0.9921,0.0006260027955209153,OUTSIDE_ABOVE,0.0121
D4_S2_d2_M10,D4,2,0.5,10,42242,C1,T_DL,0.5,0.5,0.5001518310361487,0.5002306331891635,0.0009699243714307435,0.03973930031968703,0.19934718538190357,0.7433351063625101,0.7205151271246627,0.002183375681536486,0.09201742341745182,0.0014063763530455127,0.9079825765825482,0.0014063763530455125,0.9079825765825482,0.0014063763530455125,0.9079825765825482,0.0014063763530455125,0.9079825765825482,0.0014063763530455125,OUTSIDE_BELOW,0.012017423417451711
core_S1_d1_M3,core,1,0.0,3,100000,P4,T2,0.0,0.0,0.0,-0.0002707348440573143,0.0008205288976399638,0.06732676718622545,0.25947402025294447,5.241563459024992,0.008,0.00028170906978654416,0.008,0.00028170906978654416,0.992,0.00028170906978654427,0.992,0.00028170906978654427,0.992,0.00028170906978654427,0.992,0.00028170906978654427,OUTSIDE_ABOVE,0.01200000000000001
core_S1_d1_M3,core,1,0.0,3,100000,P1,T2,0.0,0.0,0.0,-0.0002711304418153488,0.0008035657300050352,0.06457178824385253,0.25410979564718184,5.241563459024992,0.00802,0.0002820581429421955,0.00802,0.0002820581429421955,0.99198,0.000282058142942196,0.99198,0.000282058142942196,0.99198,0.000282058142942196,0.99198,0.000282058142942196,OUTSIDE_ABOVE,0.01197999999999999
D1_S1_d1_M3,D1,1,0.0,3,20000,P4,T2,0.0,0.0,0.0,0.001459498132092742,0.0018235227421153977,0.0665047038202412,0.25788505931953715,5.204982242314195,0.00805,0.000631870140930872,0.00805,0.000631870140930872,0.99195,0.000631870140930872,0.99195,0.000631870140930872,0.99195,0.000631870140930872,0.99195,0.000631870140930872,OUTSIDE_ABOVE,0.011950000000000016
D1_S5_d1_M5,D1,5,0.0,5,20000,P3,T2,0.08361854460463167,0.0,0.007520030420393065,0.05246120803367462,0.003985198696811998,0.31763617306144104,0.5635922045783113,3.3896744083257135,0.0067,0.0005768496337868301,0.0067,0.0005768496337868301,0.99195,0.000631870140930872,0.9933,0.0005768496337868318,0.99335,0.0005747076430673271,0.99195,0.000631870140930872,OUTSIDE_ABOVE,0.011950000000000016
D1_S1_d2_M3,D1,1,0.5,3,20000,P1,T2,0.5,0.5,0.5,0.5012518943231836,0.0017942415351262858,0.0643860537274466,0.25374407131487153,5.174459386667061,0.0474,0.0015025518293889232,0.0083,0.0006415259152988287,0.9917,0.0006415259152988277,0.9917,0.0006415259152988277,0.9917,0.0006415259152988277,0.9917,0.0006415259152988277,OUTSIDE_ABOVE,0.011700000000000044
D1_S2_d2_M3,D1,2,0.5,3,20000,P4,T2,0.5,0.5,0.5,0.5024032844092134,0.003098280821331393,0.1919868809565986,0.4381630757567308,7.8941997134656425,0.02495,0.001102893863887183,0.0083,0.0006415259152988287,0.9917,0.0006415259152988277,0.9917,0.0006415259152988277,0.9917,0.0006415259152988277,0.9917,0.0006415259152988277,OUTSIDE_ABOVE,0.011700000000000044
D1_S2_d2_M3,D1,2,0.5,3,20000,P1,T2,0.5,0.5,0.5,0.5017791149415894,0.002894577331082518,0.16757155851233585,0.40935505189546134,7.8941997134656425,0.02495,0.001102893863887183,0.0084,0.000645346418600119,0.9916,0.0006453464186001177,0.9916,0.0006453464186001177,0.9916,0.0006453464186001177,0.9916,0.0006453464186001177,OUTSIDE_ABOVE,0.011600000000000055
D1_S1_d2_M3,D1,1,0.5,3,20000,P4,T2,0.5,0.5,0.5,0.5016319481151796,0.0018291902707931005,0.06691874093528272,0.2586865689116517,5.174459386667061,0.04775,0.0015078119494817649,0.00845,0.0006472479239055155,0.99155,0.0006472479239055139,0.99155,0.0006472479239055139,0.99155,0.0006472479239055139,0.99155,0.0006472479239055139,OUTSIDE_ABOVE,0.01155000000000006
clamp5_S3_d2_M5,clamp5,3,0.5,5,20000,P2,T2,0.5866514947676077,0.5,0.5194446547090782,0.5551214048057989,0.0024050550585067946,0.11568579668898243,0.34012614819943265,1.5012376689529705,0.3533,0.003379934244922525,0.0917,0.0020407242586885665,0.90865,0.0020372184161252817,0.9083,0.0020407242586885665,0.91015,0.0020220902242481663,0.90865,0.0020372184161252817,OUTSIDE_BELOW,0.011349999999999971
core_S2_d2_M3,core,2,0.5,3,100000,P1,T2,0.5,0.5,0.5,0.5001690759704145,0.0012952371153701677,0.16776391850324335,0.40958993945560157,7.8954900565040855,0.02379,0.00048191322766655823,0.00889,0.00029683274583509146,0.99111,0.00029683274583509065,0.99111,0.00029683274583509065,0.99111,0.00029683274583509065,0.99111,0.00029683274583509065,OUTSIDE_ABOVE,0.011110000000000064
core_S2_d2_M3,core,2,0.5,3,100000,P4,T2,0.5,0.5,0.5,0.5000188893927366,0.0013864549989355541,0.19222574640733875,0.43843556699626773,7.8954900565040855,0.02412,0.00048516209250105264,0.00894,0.00029765880467407646,0.99106,0.0002976588046740756,0.99106,0.0002976588046740756,0.99106,0.0002976588046740756,0.99106,0.0002976588046740756,OUTSIDE_ABOVE,0.01106000000000007
core_S3_d1_M3,core,3,0.0,3,100000,P1,T2,0.08361854460463167,0.0,0.018306227057702698,0.03746828175847245,0.0013425981669848847,0.18025698379911723,0.4245668190039316,7.970437682348331,0.00959,0.0003081887716968287,0.00959,0.0003081887716968287,0.99051,0.0003065932142106214,0.99041,0.0003081887716968285,0.99039,0.00030850685405676173,0.99051,0.0003065932142106214,OUTSIDE_ABOVE,0.01051000000000002
core_S2_d1_M3,core,2,0.0,3,100000,P1,T2,0.0,0.0,0.0,0.0021846751447567245,0.0013021981454298173,0.16957200099608563,0.4117912104405406,7.886313891869619,0.00957,0.00030787034771150013,0.00957,0.00030787034771150013,0.99043,0.00030787034771149964,0.99043,0.00030787034771149964,0.99043,0.00030787034771149964,0.99043,0.00030787034771149964,OUTSIDE_ABOVE,0.01043000000000005
core_S2_d1_M3,core,2,0.0,3,100000,P4,T2,0.0,0.0,0.0,0.0028477984138105547,0.0013932564687859368,0.19411635878138586,0.4405863806126851,7.886313891869619,0.00964,0.00030898333935667143,0.00964,0.00030898333935667143,0.99036,0.00030898333935667116,0.99036,0.00030898333935667116,0.99036,0.00030898333935667116,0.99036,0.00030898333935667116,OUTSIDE_ABOVE,0.010360000000000036
core_S3_d1_M3,core,3,0.0,3,100000,P4,T2,0.08361854460463167,0.0,0.018306227057702698,0.05270502960310234,0.0014467097430263536,0.20929690805673784,0.4574897901120175,7.970437682348331,0.00983,0.00031198351078222066,0.00983,0.00031198351078222066,0.99036,0.00030898333935667116,0.99017,0.00031198351078222077,0.99032,0.00030961746720752076,0.99036,0.00030898333935667116,OUTSIDE_ABOVE,0.010360000000000036
core_S3_d2_M3,core,3,0.5,3,100000,P1,T2,0.5836185446046317,0.5,0.5183062270577027,0.540064654012506,0.0013402077074288505,0.17961566990516958,0.42381088931877337,7.985926580846263,0.02664,0.0005092181300778675,0.00937,0.000304667082238958,0.99034,0.0003093005722594125,0.99063,0.00030466708223895783,0.99056,0.0003057921908747835,0.99034,0.0003093005722594125,OUTSIDE_ABOVE,0.010340000000000016
D1_S5_d1_M3,D1,5,0.0,3,20000,P1,T2,0.08361854460463167,0.0,0.007520030420393065,0.03153820182970408,0.0049731284300644435,0.4946401276383048,0.7033065673220354,12.91324791849403,0.0098,0.0006965615550688969,0.0098,0.0006965615550688969,0.9903,0.000693033548971478,0.9902,0.0006965615550688981,0.9901,0.0007000710678209755,0.9903,0.000693033548971478,OUTSIDE_ABOVE,0.010299999999999976
core_S3_d2_M3,core,3,0.5,3,100000,P4,T2,0.5836185446046317,0.5,0.5183062270577027,0.5547973348594658,0.0014426920135133018,0.20813602458550656,0.45621927248364524,7.985926580846263,0.02695,0.0005120907878491859,0.00953,0.00030723247061467966,0.99028,0.0003102502473810448,0.99047,0.00030723247061468026,0.99049,0.0003069130153642888,0.99028,0.0003102502473810448,OUTSIDE_ABOVE,0.010280000000000067
core_S4_d1_M3,core,4,0.0,3,100000,P1,T2,0.0,0.0,0.0,-0.0019323955081537556,0.0021871504702562095,0.478362717954196,0.6916377071517977,12.82440860289314,0.00974,0.0003105661346637782,0.00974,0.0003105661346637782,0.99026,0.0003105661346637777,0.99026,0.0003105661346637777,0.99026,0.0003105661346637777,0.99026,0.0003105661346637777,OUTSIDE_ABOVE,0.010260000000000047
D1_S5_d1_M3,D1,5,0.0,3,20000,P4,T2,0.08361854460463167,0.0,0.007520030420393065,0.045592975089617946,0.005453646180917024,0.5948451333326168,0.771262039343709,12.91324791849403,0.00985,0.0006983186056521765,0.00985,0.0006983186056521765,0.9902,0.0006965615550688981,0.99015,0.0006983186056521774,0.99,0.0007035623639735148,0.9902,0.0006965615550688981,OUTSIDE_ABOVE,0.010199999999999987
D1_S5_d2_M3,D1,5,0.5,3,20000,P1,T2,0.5836185446046317,0.5,0.5075200304203931,0.5418379390668407,0.004978962257961854,0.4958013033241721,0.7041315951753423,12.954035462326848,0.01725,0.000920663823010332,0.01005,0.0007053012654178355,0.9902,0.0006965615550688981,0.98995,0.0007053012654178356,0.98995,0.0007053012654178356,0.9902,0.0006965615550688981,OUTSIDE_ABOVE,0.010199999999999987
D1_S4_d1_M3,D1,4,0.0,3,20000,P1,T2,0.0,0.0,0.0,0.004679676975560195,0.004890352926943907,0.4783110350013769,0.6916003434075035,12.819288865141445,0.0099,0.0007000710678209749,0.0099,0.0007000710678209749,0.9901,0.0007000710678209755,0.9901,0.0007000710678209755,0.9901,0.0007000710678209755,0.9901,0.0007000710678209755,OUTSIDE_ABOVE,0.010099999999999998
D1_S5_d2_M3,D1,5,0.5,3,20000,P4,T2,0.5836185446046317,0.5,0.5075200304203931,0.5556593150225096,0.005440206999392147,0.5919170439247061,0.7693614520657414,12.954035462326848,0.0173,0.0009219736981064047,0.0103,0.0007139296183798512,0.9901,0.0007000710678209755,0.9897,0.0007139296183798503,0.9897,0.0007139296183798503,0.9901,0.0007000710678209755,OUTSIDE_ABOVE,0.010099999999999998
D1_S2_d1_M3,D1,2,0.0,3,20000,P1,T2,0.0,0.0,0.0,-0.0014954155257811085,0.002902089211130977,0.16844243578725634,0.41041739215980644,7.872263183432777,0.00995,0.0007018189759475017,0.00995,0.0007018189759475017,0.99005,0.0007018189759475022,0.99005,0.0007018189759475022,0.99005,0.0007018189759475022,0.99005,0.0007018189759475022,OUTSIDE_ABOVE,0.010050000000000003
core_S4_d1_M3,core,4,0.0,3,100000,P4,T2,0.0,0.0,0.0,-0.0019143615486002965,0.002383072404805447,0.5679034086545217,0.7535936628280002,12.82440860289314,0.00997,0.00031417509608496977,0.00997,0.00031417509608496977,0.99003,0.0003141750960849703,0.99003,0.0003141750960849703,0.99003,0.0003141750960849703,0.99003,0.0003141750960849703,OUTSIDE_ABOVE,0.010029999999999983
D1_S4_d2_M3,D1,4,0.5,3,1000000,P1,T2,0.5,0.5,0.5,0.5006857365060223,0.0006920390733619057,0.4789180790596051,0.6920390733619057,12.855507410341616,0.016016,0.0001255367983660568,0.009974,9.937061599889576e-05,0.990026,9.937061599889595e-05,0.990026,9.937061599889595e-05,0.990026,9.937061599889595e-05,0.990026,9.937061599889595e-05,OUTSIDE_ABOVE,0.01002599999999998
D1_S4_d1_M3,D1,4,0.0,3,20000,P4,T2,0.0,0.0,0.0,0.005651862607410978,0.005326758453423493,0.567487112422373,0.7533174048317037,12.819288865141445,0.01,0.0007035623639735144,0.01,0.0007035623639735144,0.99,0.0007035623639735148,0.99,0.0007035623639735148,0.99,0.0007035623639735148,0.99,0.0007035623639735148,OUTSIDE_ABOVE,0.010000000000000009
D1_S4_d2_M3,D1,4,0.5,3,1000000,P4,T2,0.5,0.5,0.5,0.5005725179084183,0.0007543407622003305,0.5690299855169754,0.7543407622003304,12.855507410341616,0.016198,0.00012623638459651797,0.010058,9.978394979153712e-05,0.989942,9.978394979153717e-05,0.989942,9.978394979153717e-05,0.989942,9.978394979153717e-05,0.989942,9.978394979153717e-05,OUTSIDE_ABOVE,0.009942000000000006
D1_S2_d1_M3,D1,2,0.0,3,20000,P4,T2,0.0,0.0,0.0,-0.0012050484390842002,0.003105183950370458,0.1928433473127657,0.43913932562771657,7.872263183432777,0.0101,0.0007070357133837017,0.0101,0.0007070357133837017,0.9899,0.0007070357133837017,0.9899,0.0007070357133837017,0.9899,0.0007070357133837017,0.9899,0.0007070357133837017,OUTSIDE_ABOVE,0.00990000000000002
clamp5_S3_d2_M10,clamp5,3,0.5,10,299432,P4,T2,0.5866514947676077,0.5,0.5194446547090782,0.5775398468376081,0.0004894378975609948,0.07172877257991489,0.2678222779753673,0.9864321761915307,0.6260018969248444,0.0008842466411147593,0.09597504608725854,0.0005382949039732673,0.910179940687702,0.0005225179245631019,0.9040249539127414,0.0005382949039732674,0.9081026743968581,0.00052792205774209,0.910179940687702,0.0005225179245631019,OUTSIDE_BELOW,0.009820059312297902
D1_S3_d1_M3,D1,3,0.0,3,20000,P1,T2,0.08361854460463167,0.0,0.01923982029783763,0.035126950663983234,0.002991645756673318,0.17899888666842942,0.4230826002903327,7.951747243528355,0.0107,0.0007275132301202502,0.0107,0.0007275132301202502,0.9898,0.0007104913792580452,0.9893,0.0007275132301202516,0.98955,0.0007190548483947507,0.9898,0.0007104913792580452,OUTSIDE_ABOVE,0.009800000000000031
D1_S3_d1_M5,D1,3,0.0,5,20000,P3,T2,0.08361854460463167,0.0,0.01923982029783763,0.05504841458148676,0.0023927217839719984,0.11450235070988285,0.3383819597878747,2.04160247325858,0.00685,0.0005832271212829527,0.00685,0.0005832271212829527,0.9898,0.0007104913792580452,0.99315,0.0005832271212829537,0.99305,0.0005874392521784704,0.9898,0.0007104913792580452,OUTSIDE_ABOVE,0.009800000000000031
D1_S3_d1_M3,D1,3,0.0,3,20000,P4,T2,0.08361854460463167,0.0,0.01923982029783763,0.04981976135449011,0.0032309529626904825,0.20878114094236813,0.4569257499226413,7.951747243528355,0.01085,0.0007325393334149369,0.01085,0.0007325393334149369,0.98975,0.0007122126613589505,0.98915,0.0007325393334149377,0.98945,0.000722450603847763,0.98975,0.0007122126613589505,OUTSIDE_ABOVE,0.009750000000000036
D3_S3_d1_M10,D3,3,0.0,10,22464,C1,T_DL,0.08361854460463167,0.0,0.018852497881809517,0.018116210596105124,0.001500618724545518,0.050585705684241436,0.22491266234750198,0.8457248110710271,0.09099002849002849,0.0019188352095723315,0.09099002849002849,0.0019188352095723315,0.8998842592592593,0.002002631139609439,0.9090099715099715,0.0019188352095723313,0.9103009259259259,0.0019065268549167797,0.9103009259259259,0.0019065268549167797,OUTSIDE_BELOW,0.009699074074073999
core_S4_d2_M3,core,4,0.5,3,100000,P1,T2,0.5,0.5,0.5,0.5035482555318,0.0021834480684486813,0.47674454676122785,0.6904669048993064,12.831136727298112,0.01644,0.00040211598326850924,0.01031,0.0003194323699940255,0.98969,0.0003194323699940261,0.98969,0.0003194323699940261,0.98969,0.0003194323699940261,0.98969,0.0003194323699940261,OUTSIDE_ABOVE,0.009689999999999976
core_S4_d2_M3,core,4,0.5,3,100000,P4,T2,0.5,0.5,0.5,0.5035432934126887,0.0023811557042780407,0.5669902488015852,0.7529875489020952,12.831136727298112,0.01665,0.00040463288917239537,0.01037,0.00032035079366219776,0.98963,0.0003203507936621976,0.98963,0.0003203507936621976,0.98963,0.0003203507936621976,0.98963,0.0003203507936621976,OUTSIDE_ABOVE,0.009630000000000027
core_S5_d1_M3,core,5,0.0,3,100000,P1,T2,0.08361854460463167,0.0,0.0073860233323441915,0.03295649344169387,0.0022152127817348668,0.4907167668361527,0.7005117892199622,12.903602450352063,0.0104,0.0003208089774304952,0.0104,0.0003208089774304952,0.98956,0.0003214188295666575,0.9896,0.0003208089774304947,0.98959,0.00032096155377241104,0.98956,0.0003214188295666575,OUTSIDE_ABOVE,0.009560000000000013
core_S5_d2_M3,core,5,0.5,3,100000,P4,T2,0.5836185446046317,0.5,0.5073860233323442,0.5539516315002914,0.0024300316033900302,0.5905053593474321,0.768443465290344,12.900969802369648,0.01689,0.0004074889924893677,0.01037,0.00032035079366219776,0.98956,0.0003214188295666575,0.98963,0.0003203507936621976,0.98968,0.000319585631717072,0.98956,0.0003214188295666575,OUTSIDE_ABOVE,0.009560000000000013
core_S5_d1_M10,core,5,0.0,10,1000000,P4,T2,0.08361854460463167,0.0,0.0073860233323441915,0.07480248524456821,0.0004428260414141219,0.19609490295450163,0.4428260414141219,1.639794140636625,0.090997,0.000287604843476253,0.090997,0.000287604843476253,0.910457,0.0002855259202787026,0.909003,0.000287604843476253,0.909549,0.00028682680592824646,0.910457,0.0002855259202787026,OUTSIDE_BELOW,0.009542999999999968
core_S5_d2_M10,core,5,0.5,10,1000000,P4,T2,0.5836185446046317,0.5,0.5073860233323442,0.5748547556335101,0.00044196890841616493,0.19533651600657637,0.44196890841616493,1.6396023093031133,0.316117,0.0004649591834892607,0.090534,0.0002869452819685314,0.910459,0.00028552304516273286,0.909466,0.0002869452819685314,0.910054,0.0002861043814484497,0.910459,0.00028552304516273286,OUTSIDE_BELOW,0.00954099999999991
core_S5_d2_M3,core,5,0.5,3,100000,P1,T2,0.5836185446046317,0.5,0.5073860233323442,0.5389452476067412,0.0022249571018796025,0.49504341052044804,0.7035932138106848,12.900969802369652,0.01665,0.00040463288917239537,0.01013,0.00031666043485096147,0.98954,0.0003217233034767613,0.98987,0.00031666043485096103,0.98981,0.00031758721479303967,0.98954,0.0003217233034767613,OUTSIDE_ABOVE,0.009539999999999993
core_S5_d1_M3,core,5,0.0,3,100000,P4,T2,0.08361854460463167,0.0,0.0073860233323441915,0.047150353722887464,0.0024182202803035707,0.5847789324071482,0.7647083969770099,12.903602450352063,0.01053,0.00032278660288184203,0.01053,0.00032278660288184203,0.98953,0.00032187542776670574,0.98947,0.00032278660288184263,0.98945,0.00032308973211787385,0.98953,0.00032187542776670574,OUTSIDE_ABOVE,0.009530000000000038
D1_S5_d1_M5,D1,5,0.0,5,20000,P2,T2,0.08361854460463167,0.0,0.007520030420393065,0.05246120803367462,0.003985198696811998,0.31763617306144104,0.5635922045783113,2.4628815516250606,0.0896,0.0020195524256626765,0.0896,0.0020195524256626765,0.91065,0.0020170098847055763,0.9104,0.0020195524256626765,0.91065,0.0020170098847055763,0.91065,0.0020170098847055763,OUTSIDE_BELOW,0.00934999999999997
core_S3_d1_M5,core,3,0.0,5,100000,P3,T2,0.08361854460463167,0.0,0.018306227057702698,0.04959142896447021,0.0010680453223137437,0.11407208105162688,0.33774558628000884,2.0498139535629543,0.00657,0.0002554767132245129,0.00657,0.0002554767132245129,0.98929,0.0003255041612637233,0.99343,0.0002554767132245122,0.99286,0.00026625214365334294,0.98929,0.0003255041612637233,OUTSIDE_ABOVE,0.00929000000000002
clamp5_S3_d1_M10,clamp5,3,0.0,10,220605,P4,T2,0.08665149476760768,0.0,0.019444654709078243,0.07853336560435567,0.0005725286207877035,0.07231189711471613,0.26890871520781195,0.9871864504354122,0.09545114571292582,0.0006256031272987676,0.09545114571292582,0.0006256031272987676,0.9107726479454228,0.0006069407772147987,0.9045488542870742,0.0006256031272987676,0.9090909090909091,0.0006120679502453675,0.9107726479454228,0.0006069407772147987,OUTSIDE_BELOW,0.009227352054577143
clamp5_S3_d2_M10,clamp5,3,0.5,10,299432,C1,T_DL,0.5866514947676077,0.5,0.5194446547090782,0.5182189346363939,0.00041551149306696256,0.05169687517432636,0.22736946843040814,0.8515730811939443,0.6464005183146758,0.0008736903769759098,0.09100563734003046,0.0005256124420961384,0.9011595287076866,0.0005454050286455048,0.9089943626599696,0.0005256124420961382,0.9108211547196025,0.0005208328535852065,0.9108211547196025,0.0005208328535852065,OUTSIDE_BELOW,0.009178845280397474
clamp5_S1_d2_M5,clamp5,1,0.5,5,20000,P3,T2,0.5,0.5,0.5,0.5006283467752284,0.0013515026563040648,0.03653118859993887,0.19113133861284723,1.7907073615110922,0.0647,0.0017394526437934433,0.01095,0.0007358701481919212,0.98905,0.0007358701481919216,0.98905,0.0007358701481919216,0.98905,0.0007358701481919216,0.98905,0.0007358701481919216,OUTSIDE_ABOVE,0.009050000000000002
D3_S3_d2_M10,D3,3,0.5,10,37574,C1,T_DL,0.5836185446046317,0.5,0.5188524978818095,0.5173517818962744,0.0011638440809196386,0.05089522462124513,0.22559969995823384,0.8469892692274351,0.6470697822962687,0.00246533684292105,0.0907010166604567,0.001481547959802259,0.9021131633576409,0.001533023955744928,0.9092989833395433,0.0014815479598022593,0.9109756746686538,0.001469142830923107,0.9109756746686538,0.001469142830923107,OUTSIDE_BELOW,0.009024325331346117
core_S5_d1_M5,core,5,0.0,5,100000,P2,T2,0.08361854460463167,0.0,0.0073860233323441915,0.0515649021525605,0.0017838570815633039,0.31821460874435487,0.5641051397960799,2.4711271646104707,0.0888,0.0008995252080959156,0.0888,0.0008995252080959156,0.91099,0.0009004844246293215,0.9112,0.0008995252080959154,0.91149,0.0008981980845002954,0.91099,0.0009004844246293215,OUTSIDE_BELOW,0.009009999999999962
D1_S5_d2_M5,D1,5,0.5,5,20000,P2,T2,0.5836185446046317,0.5,0.5075200304203931,0.5473950291437302,0.003996263217225025,0.3194023940269141,0.5651569640612368,2.470223369151329,0.1908,0.002778447048262752,0.0877,0.0020001088720367198,0.91105,0.0020129319101748074,0.9123,0.0020001088720367198,0.91235,0.0019995934274246855,0.91105,0.0020129319101748074,OUTSIDE_BELOW,0.008949999999999902
D1_S3_d2_M3,D1,3,0.5,3,20000,P1,T2,0.5836185446046317,0.5,0.5192398202978377,0.5369421255104535,0.00298322030653843,0.1779920679468649,0.42189106170534696,7.979927149644617,0.0275,0.0011563682371978226,0.01115,0.000742484932507051,0.9889,0.0007408370266124662,0.98885,0.0007424849325070507,0.9891,0.0007342067147609051,0.9889,0.0007408370266124662,OUTSIDE_ABOVE,0.008900000000000019
core_S5_d2_M5,core,5,0.5,5,100000,P2,T2,0.5836185446046317,0.5,0.5073860233323442,0.5481749280029098,0.0017907766000532233,0.32068808312981817,0.5662932836700593,2.475034667907111,0.19043,0.001241637689102582,0.0887,0.0008990679062228837,0.91111,0.0008999364860922132,0.9113,0.0008990679062228837,0.91159,0.0008977397835675993,0.91111,0.0008999364860922132,OUTSIDE_BELOW,0.008889999999999953
D1_S1_d2_M5,D1,1,0.5,5,20000,P3,T2,0.5,0.5,0.5,0.4996028411482195,0.001344353788372087,0.03614574216620764,0.1901203360143455,1.7236681868295087,0.0774,0.0018895666169786128,0.01115,0.000742484932507051,0.98885,0.0007424849325070507,0.98885,0.0007424849325070507,0.98885,0.0007424849325070507,0.98885,0.0007424849325070507,OUTSIDE_ABOVE,0.008850000000000025
D1_S3_d2_M3,D1,3,0.5,3,20000,P4,T2,0.5836185446046317,0.5,0.5192398202978377,0.5516876566711617,0.003213737862116481,0.20656222092802023,0.45449116705170434,7.979927149644617,0.02795,0.0011655212889518578,0.01135,0.0007490386338500839,0.9887,0.000747405846913174,0.98865,0.0007490386338500829,0.98905,0.0007358701481919216,0.9887,0.000747405846913174,OUTSIDE_ABOVE,0.008700000000000041
D3_S3_d1_M5,D3,3,0.0,5,20639,P3,T2,0.08361854460463167,0.0,0.018852497881809517,0.04869989126195874,0.0023570174555441713,0.11466061020638621,0.33861572646052074,2.0547572073641813,0.006928630263094142,0.0005773904526080244,0.006928630263094142,0.0005773904526080244,0.9886622413876641,0.0007369588722432782,0.9930713697369059,0.0005773904526080223,0.9921023305392703,0.0006161456491079942,0.9886622413876641,0.0007369588722432782,OUTSIDE_ABOVE,0.008662241387664138
D1_S5_d1_M10,D1,5,0.0,10,73677,P4,T2,0.08361854460463167,0.0,0.007520030420393065,0.07550652894593553,0.0016224367140076827,0.19394003274326335,0.44038623132798255,1.6372430752719687,0.09073387895815518,0.001058191519788414,0.09073387895815518,0.001058191519788414,0.9113563255832893,0.0010471334045028219,0.9092661210418448,0.001058191519788414,0.9100533409340771,0.0010540469978856098,0.9113563255832893,0.0010471334045028219,OUTSIDE_BELOW,0.008643674416710656
core_S3_d1_M10,core,3,0.0,10,100000,C1,T_DL,0.08361854460463167,0.0,0.018306227057702698,0.018021357026912068,0.000705630640470049,0.04979146007701718,0.2231400010688742,0.8376751168036098,0.0902,0.0009058916049947697,0.0902,0.0009058916049947697,0.90203,0.0009400631845785687,0.9098,0.0009058916049947695,0.91165,0.0008974646371863353,0.91165,0.0008974646371863353,OUTSIDE_BELOW,0.008349999999999969
core_S2_d2_M10,core,2,0.5,10,416633,C1,T_DL,0.5,0.5,0.5,0.500012201534268,0.00033947522433179093,0.048014215110892766,0.21912146200427918,0.8217843029973496,0.6471162869959892,0.000740338167305909,0.0882935341175567,0.00043955693336980193,0.9117064658824433,0.00043955693336980193,0.9117064658824433,0.00043955693336980193,0.9117064658824433,0.00043955693336980193,0.9117064658824433,0.00043955693336980193,OUTSIDE_BELOW,0.008293534117556622
clamp5_S3_d1_M10,clamp5,3,0.0,10,220605,C1,T_DL,0.08665149476760768,0.0,0.019444654709078243,0.01839335526598336,0.0004835716561020854,0.05158661438445309,0.2271268684776266,0.8527638169278086,0.08962625507128125,0.0006081627436568934,0.08962625507128125,0.0006081627436568934,0.901489086829401,0.0006344753201129515,0.9103737449287187,0.0006081627436568935,0.9117971034201401,0.0006037857405059021,0.9117971034201401,0.0006037857405059021,OUTSIDE_BELOW,0.008202896579859842
core_S4_d2_M10,core,4,0.5,10,100000,C1,T_DL,0.5,0.5,0.5,0.4999504469547041,0.0011160873686553493,0.12456510144720218,0.35293781526949214,1.3364375482521742,0.33613,0.0014938093020864477,0.08819,0.0008967303044951698,0.91181,0.0008967303044951697,0.91181,0.0008967303044951697,0.91181,0.0008967303044951697,0.91181,0.0008967303044951697,OUTSIDE_BELOW,0.00818999999999992
D1_S4_d2_M10,D1,4,0.5,10,233643,C1,T_DL,0.5,0.5,0.5,0.4992964354271791,0.0007265195593335301,0.12332394125281612,0.3511750863213621,1.3246098845966494,0.3409432339081419,0.000980677164330346,0.08817298185693558,0.0005866074919464471,0.9118270181430644,0.0005866074919464471,0.9118270181430644,0.0005866074919464471,0.9118270181430644,0.0005866074919464471,0.9118270181430644,0.0005866074919464471,OUTSIDE_BELOW,0.00817298185693549
core_S1_d2_M5,core,1,0.5,5,100000,P3,T2,0.5,0.5,0.5,0.5001916535422922,0.0006024871852055771,0.03629908083369393,0.19052317663133253,1.7270880479370818,0.07908,0.0008533835808122863,0.01184,0.0003420499144861755,0.98816,0.000342049914486175,0.98816,0.000342049914486175,0.98816,0.000342049914486175,0.98816,0.000342049914486175,OUTSIDE_ABOVE,0.008160000000000056
D1_S3_d1_M5,D1,3,0.0,5,20000,P2,T2,0.08361854460463167,0.0,0.01923982029783763,0.05504841458148676,0.0023927217839719984,0.11450235070988285,0.3383819597878747,1.495438136436313,0.0897,0.0020205681131800534,0.0897,0.0020205681131800534,0.9119,0.0020042254114744674,0.9103,0.0020205681131800534,0.91185,0.0020047391039733817,0.9119,0.0020042254114744674,OUTSIDE_BELOW,0.008099999999999885
core_S4_d1_M10,core,4,0.0,10,100000,C1,T_DL,0.0,0.0,0.0,-0.0008323018965075013,0.0011187938929273769,0.1251699774851595,0.3537936933937058,1.338928803590463,0.08807,0.0008961789726388362,0.08807,0.0008961789726388362,0.91193,0.0008961789726388361,0.91193,0.0008961789726388361,0.91193,0.0008961789726388361,0.91193,0.0008961789726388361,OUTSIDE_BELOW,0.00806999999999991
core_S3_d2_M10,core,3,0.5,10,1000000,C1,T_DL,0.5836185446046317,0.5,0.5183062270577027,0.5169417534644382,0.00022284555495202194,0.04966014136187463,0.22284555495202193,0.8382796408689152,0.655547,0.0004751895735293442,0.089429,0.00028536197006433776,0.90208,0.00029720644945895774,0.910571,0.0002853619700643377,0.911945,0.0002833748700484925,0.911945,0.0002833748700484925,OUTSIDE_BELOW,0.008054999999999923
core_S4_d2_M10,core,4,0.5,10,100000,P4,T2,0.5,0.5,0.5,0.5005813862890706,0.0013626415877563923,0.18567920966832624,0.43090510517784103,1.622788569354114,0.2794,0.0014189279051452896,0.08801,0.0008959031192043033,0.91199,0.0008959031192043034,0.91199,0.0008959031192043034,0.91199,0.0008959031192043034,0.91199,0.0008959031192043034,OUTSIDE_BELOW,0.008009999999999962
D1_S4_d2_M5,D1,4,0.5,5,27016,P2,T2,0.5,0.5,0.5,0.4988694657174169,0.0033755951956769576,0.3078376732638899,0.5548312115084099,2.4461717451367724,0.18037459283387622,0.0023392943089749155,0.08779982232750963,0.001721794717126855,0.9122001776724904,0.0017217947171268547,0.9122001776724904,0.0017217947171268547,0.9122001776724904,0.0017217947171268547,0.9122001776724904,0.0017217947171268547,OUTSIDE_BELOW,0.007799822327509531
D1_S3_d2_M10,D1,3,0.5,10,22464,P4,T2,0.5836185446046317,0.5,0.5192398202978377,0.5749102360431839,0.0017765245228759635,0.07089726864084889,0.26626541014718547,0.9813139500906196,0.6267806267806267,0.0032269803921958417,0.0917022792022792,0.0019255758563437432,0.9122150997150997,0.0018880565297022818,0.9082977207977208,0.0019255758563437436,0.9124821937321937,0.0018854580124129413,0.9122150997150997,0.0018880565297022818,OUTSIDE_BELOW,0.007784900284900198
core_S4_d1_M10,core,4,0.0,10,100000,P4,T2,0.0,0.0,0.0,0.0005169669365979281,0.0013646890726891371,0.18623762651171374,0.43155257676407605,1.6256957569495976,0.08759,0.0008939686342372421,0.08759,0.0008939686342372421,0.91241,0.0008939686342372419,0.91241,0.0008939686342372419,0.91241,0.0008939686342372419,0.91241,0.0008939686342372419,OUTSIDE_BELOW,0.007589999999999875
D3_S3_d1_M10,D3,3,0.0,10,22464,P4,T2,0.08361854460463167,0.0,0.018852497881809517,0.07627015317234109,0.0017816966868325016,0.07131068943605372,0.2670406138325287,0.9858283668149043,0.0921474358974359,0.0019297708616515888,0.0921474358974359,0.0019297708616515888,0.9127047720797721,0.001883288554401374,0.9078525641025641,0.0019297708616515888,0.910835113960114,0.0019013990240443843,0.9127047720797721,0.001883288554401374,OUTSIDE_BELOW,0.007295227920227854
core_S3_d1_M5,core,3,0.0,5,100000,P2,T2,0.08361854460463167,0.0,0.018306227057702698,0.04959142896447021,0.0010680453223137437,0.11407208105162688,0.33774558628000884,1.4997758101859484,0.08611,0.0008871024061516235,0.08611,0.0008871024061516235,0.91271,0.0008925830824074584,0.91389,0.0008871024061516236,0.91478,0.0008829357371858948,0.91271,0.0008925830824074584,OUTSIDE_BELOW,0.007289999999999908
D3_S1_d2_M5,D3,1,0.5,5,20000,P3,T2,0.5,0.5,0.5,0.49877624386610625,0.0013814636112601736,0.03816883418472,0.19536845749690507,1.7384043736999364,0.07545,0.0018675826286941094,0.01275,0.0007933296130865152,0.98725,0.0007933296130865165,0.98725,0.0007933296130865165,0.98725,0.0007933296130865165,0.98725,0.0007933296130865165,OUTSIDE_ABOVE,0.007249999999999979
D1_S4_d1_M5,D1,4,0.0,5,20000,P2,T2,0.0,0.0,0.0,-0.0025239623977384214,0.003907396398904619,0.30535493236345573,0.5525892980898705,2.464481125914728,0.0872,0.0019949456132937558,0.0872,0.0019949456132937558,0.9128,0.0019949456132937566,0.9128,0.0019949456132937566,0.9128,0.0019949456132937566,0.9128,0.0019949456132937566,OUTSIDE_BELOW,0.007199999999999984
D1_S4_d2_M10,D1,4,0.5,10,233643,P4,T2,0.5,0.5,0.5,0.49960267299011835,0.0008900596338515801,0.1850934219278132,0.43022485043034553,1.6217110845264906,0.27839909605680463,0.0009272696763884448,0.08718429398698013,0.0005836255450240875,0.9128157060130199,0.0005836255450240875,0.9128157060130199,0.0005836255450240875,0.9128157060130199,0.0005836255450240875,0.9128157060130199,0.0005836255450240875,OUTSIDE_BELOW,0.0071842939869800615
clamp5_S3_d2_M10,clamp5,3,0.5,10,299432,P2,T2,0.5866514947676077,0.5,0.5194446547090782,0.5661284238831416,0.0004613462143544312,0.06373120554259393,0.2524504021438546,0.9676758939500881,0.6256245157498197,0.0008844259454552505,0.09058818028801197,0.0005245259264972423,0.9128650244462849,0.0005154071454669225,0.909411819711988,0.0005245259264972423,0.9131522348980737,0.0005146379531972538,0.9128650244462849,0.0005154071454669225,OUTSIDE_BELOW,0.007134975553715006
D3_S3_d2_M10,D3,3,0.5,10,37574,P4,T2,0.5836185446046317,0.5,0.5188524978818095,0.5752877502881265,0.0013801220601743608,0.07156858431741958,0.2675230538054984,0.9861030523147284,0.623170277319423,0.002499955196197536,0.09205833821259382,0.0014914778989108487,0.9129451216266568,0.0014543709028556025,0.9079416617874062,0.0014914778989108483,0.9117474849630063,0.0014633800056000079,0.9129451216266568,0.0014543709028556025,OUTSIDE_BELOW,0.007054878373343176
core_S1_d2_M10,core,1,0.5,10,100000,P3,T2,0.5,0.5,0.5,0.4987938139165545,0.0004119893184062551,0.016973519848085067,0.1302824617824098,0.9351242213589915,0.61783,0.0015366069474657467,0.01297,0.00035779573921442947,0.98703,0.00035779573921442996,0.98703,0.00035779573921442996,0.98703,0.00035779573921442996,0.98703,0.00035779573921442996,OUTSIDE_ABOVE,0.007029999999999981
D1_S3_d1_M10,D1,3,0.0,10,43282,C1,T_DL,0.08361854460463167,0.0,0.01923982029783763,0.01691576967000577,0.001042856967330633,0.047071367419847354,0.21695936813110273,0.8177363189741627,0.08839702416709025,0.0013644826860207404,0.08839702416709025,0.0013644826860207404,0.9024074673074257,0.0014264480979767878,0.9116029758329097,0.0013644826860207406,0.9129892333995656,0.0013547702935597533,0.9129892333995656,0.0013547702935597533,OUTSIDE_BELOW,0.007010766600434315
core_S5_d2_M10,core,5,0.5,10,1000000,C1,T_DL,0.5836185446046317,0.5,0.5073860233323442,0.5070974869363858,0.0003540163878682222,0.12532760287926353,0.3540163878682222,1.3455340918886807,0.341818,0.00047431893792679205,0.087136,0.00028203424881386303,0.907179,0.00029018142938341183,0.912864,0.00028203424881386303,0.913027,0.00028179548837942733,0.913027,0.00028179548837942733,OUTSIDE_BELOW,0.006972999999999896
core_S3_d1_M10,core,3,0.0,10,100000,P4,T2,0.08361854460463167,0.0,0.018306227057702698,0.07630827029800405,0.0008431695749789291,0.0710934932170148,0.2666336310689535,0.9784728994775628,0.09382,0.0009220510159421765,0.09382,0.0009220510159421765,0.91306,0.0008909626052758893,0.90618,0.0009220510159421766,0.90991,0.0009053937922252395,0.91306,0.0008909626052758893,OUTSIDE_BELOW,0.006939999999999946
core_S3_d2_M300,core,3,0.5,300,100000,P3,T2,0.5836185446046317,0.5,0.5183062270577027,0.5828316617278174,0.0001606581660268471,0.0025811046311109975,0.05080457293503211,0.27538843608919794,0.99998,1.4141994201674672e-05,0.08122,0.0008638478546596038,0.98693,0.0003591542161801811,0.91878,0.0008638478546596037,0.96909,0.0005473077004757012,0.98693,0.0003591542161801811,OUTSIDE_ABOVE,0.006929999999999992
core_S2_d1_M10,core,2,0.0,10,100000,C1,T_DL,0.0,0.0,0.0,0.00017804073308240665,0.0006929566161394534,0.048018887185144174,0.21913212266836685,0.821562133079613,0.08688,0.0008906843750734601,0.08688,0.0008906843750734601,0.91312,0.0008906843750734598,0.91312,0.0008906843750734598,0.91312,0.0008906843750734598,0.91312,0.0008906843750734598,OUTSIDE_BELOW,0.006879999999999886
core_S4_d2_M5,core,4,0.5,5,100000,P2,T2,0.5,0.5,0.5,0.49887192834044386,0.0017528639494246419,0.3072532025192555,0.5543042508580062,2.4605983533563576,0.17657,0.001205790342887187,0.08676,0.0008901275324356617,0.91324,0.0008901275324356614,0.91324,0.0008901275324356614,0.91324,0.0008901275324356614,0.91324,0.0008901275324356614,OUTSIDE_BELOW,0.006759999999999877
D1_S2_d1_M10,D1,2,0.0,10,78670,C1,T_DL,0.0,0.0,0.0,-0.0004503217324623449,0.0007634373601475588,0.04585175554770999,0.2141302303452504,0.8033421708375492,0.0867547985254862,0.0010035427486067958,0.0867547985254862,0.0010035427486067958,0.9132452014745138,0.0010035427486067958,0.9132452014745138,0.0010035427486067958,0.9132452014745138,0.0010035427486067958,0.9132452014745138,0.0010035427486067958,OUTSIDE_BELOW,0.006754798525486105
D1_S2_d2_M10,D1,2,0.5,10,87181,C1,T_DL,0.5,0.5,0.5,0.5002548357198336,0.0007224053977030971,0.04549710999097173,0.2133005156837923,0.8029587877113682,0.6646287608538558,0.0015989745451412685,0.08675055344627844,0.0009532787516400111,0.9132494465537215,0.0009532787516400113,0.9132494465537215,0.0009532787516400113,0.9132494465537215,0.0009532787516400113,0.9132494465537215,0.0009532787516400113,OUTSIDE_BELOW,0.006750553446278396
D1_S1_d2_M10,D1,1,0.5,10,20000,P3,T2,0.5,0.5,0.5,0.49918477859764715,0.0009251276258696982,0.017117222482946087,0.13083280354309498,0.9366851603739366,0.6149,0.0034409155031764438,0.01325,0.0008085306889661022,0.98675,0.0008085306889661017,0.98675,0.0008085306889661017,0.98675,0.0008085306889661017,0.98675,0.0008085306889661017,OUTSIDE_ABOVE,0.006750000000000034
D1_S4_d1_M10,D1,4,0.0,10,59516,C1,T_DL,0.0,0.0,0.0,0.00045581714314095863,0.0014364966879138155,0.12281261905979823,0.35044631409075805,1.3265518300768842,0.08669937495799449,0.0011534479277871769,0.08669937495799449,0.0011534479277871769,0.9133006250420055,0.0011534479277871773,0.9133006250420055,0.0011534479277871773,0.9133006250420055,0.0011534479277871773,0.9133006250420055,0.0011534479277871773,OUTSIDE_BELOW,0.006699374957994442
core_S5_d1_M10,core,5,0.0,10,1000000,C1,T_DL,0.08361854460463167,0.0,0.0073860233323441915,0.006783947119695914,0.0003541972153876547,0.12545566738836866,0.3541972153876547,1.3454538391299238,0.08694,0.00028174711427093624,0.08694,0.00028174711427093624,0.907418,0.0002898457749838697,0.91306,0.00028174711427093624,0.913322,0.00028136262068014656,0.913322,0.00028136262068014656,OUTSIDE_BELOW,0.006677999999999962
core_S3_d2_M10,core,3,0.5,10,1000000,P4,T2,0.5836185446046317,0.5,0.5183062270577027,0.575156192608338,0.0002651037086072821,0.07027997631733474,0.2651037086072821,0.9803366922932252,0.628165,0.0004832946645422439,0.092096,0.0002891614199439476,0.913385,0.00028127005132967854,0.907904,0.00028916141994394753,0.911777,0.0002836189384914203,0.913385,0.00028127005132967854,OUTSIDE_BELOW,0.0066149999999999265
D1_S4_d1_M10,D1,4,0.0,10,59516,P4,T2,0.0,0.0,0.0,0.0002734993622950346,0.0017616495400535072,0.1847024961128902,0.42977028295694225,1.6244876545556608,0.08653135291350225,0.0011524356971644378,0.08653135291350225,0.0011524356971644378,0.9134686470864978,0.0011524356971644378,0.9134686470864978,0.0011524356971644378,0.9134686470864978,0.0011524356971644378,0.9134686470864978,0.0011524356971644378,OUTSIDE_BELOW,0.006531352913502153
D1_S5_d2_M10,D1,5,0.5,10,24999,P4,T2,0.5836185446046317,0.5,0.5075200304203931,0.5778204134084649,0.002782324466297502,0.19352549456450624,0.43991532658513527,1.6428884552280296,0.31489259570382816,0.0029376444892456185,0.08764350574022961,0.001788466608629886,0.9134765390615625,0.0017780923852061517,0.9123564942597704,0.001788466608629886,0.9119964798591944,0.0017917824763968994,0.9134765390615625,0.0017780923852061517,OUTSIDE_BELOW,0.006523460938437475
D1_S2_d1_M5,D1,2,0.0,5,20000,P2,T2,0.0,0.0,0.0,0.002725271591981836,0.002285454377186606,0.10446603420402834,0.3232120576402253,1.4653951869236688,0.08645,0.001987163776592156,0.08645,0.001987163776592156,0.91355,0.001987163776592156,0.91355,0.001987163776592156,0.91355,0.001987163776592156,0.91355,0.001987163776592156,OUTSIDE_BELOW,0.006449999999999956
D1_S5_d1_M10,D1,5,0.0,10,73677,C1,T_DL,0.08361854460463167,0.0,0.007520030420393065,0.007185388848308915,0.001292046542653588,0.12299522474166087,0.35070675035086063,1.3323071069807255,0.08647203333469061,0.0010354587261110781,0.08647203333469061,0.0010354587261110781,0.90820744601436,0.0010637272599546515,0.9135279666653094,0.001035458726111078,0.9136094032058851,0.0010350171609017132,0.9136094032058851,0.0010350171609017132,OUTSIDE_BELOW,0.0063905967941148
D1_S3_d1_M10,D1,3,0.0,10,43282,P4,T2,0.08361854460463167,0.0,0.01923982029783763,0.0739062489448315,0.0012654176738519606,0.06930668273254872,0.2632616241166736,0.9776979920342767,0.09241717111039231,0.0013920851807497703,0.09241717111039231,0.0013920851807497703,0.9136130493045608,0.001350366199966475,0.9075828288896077,0.00139208518074977,0.910956055635137,0.0013689804560152645,0.9136130493045608,0.001350366199966475,OUTSIDE_BELOW,0.006386950695439153
clamp5_S1_d2_M10,clamp5,1,0.5,10,20000,P3,T2,0.5,0.5,0.5,0.4990164660344758,0.0009386901675325803,0.017622784612446873,0.1327508365790848,0.9662440006458323,0.57515,0.0034953717792246364,0.01365,0.0008204778333385979,0.98635,0.0008204778333385994,0.98635,0.0008204778333385994,0.98635,0.0008204778333385994,0.98635,0.0008204778333385994,OUTSIDE_ABOVE,0.006349999999999967
clamp5_S3_d1_M10,clamp5,3,0.0,10,220605,P2,T2,0.08665149476760768,0.0,0.019444654709078243,0.06698567952381339,0.0005389950734476278,0.06408921361614549,0.2531584752998514,0.9684158262240432,0.08988010244554748,0.0006089384651962196,0.08988010244554748,0.0006089384651962196,0.9137598875818771,0.0005976721591546434,0.9101198975544526,0.0006089384651962196,0.914104394732667,0.0005965896227741645,0.9137598875818771,0.0005976721591546434,OUTSIDE_BELOW,0.006240112418122834
D2_S1_d1_M5,D2,1,0.0,5,20000,P3,T2,0.0,0.0,0.0,0.000386013013911922,0.00142235690911528,0.04046198353815946,0.20115164314059047,1.2177568340065543,0.01385,0.0008263830074487253,0.01385,0.0008263830074487253,0.98615,0.0008263830074487262,0.98615,0.0008263830074487262,0.98615,0.0008263830074487262,0.98615,0.0008263830074487262,OUTSIDE_ABOVE,0.006149999999999989
D3_S3_d1_M5,D3,3,0.0,5,20639,P2,T2,0.08361854460463167,0.0,0.018852497881809517,0.04869989126195874,0.0023570174555441713,0.11466061020638621,0.33861572646052074,1.5099193278534062,0.08779495130578031,0.0019698659868019946,0.08779495130578031,0.0019698659868019946,0.9138524153302001,0.0019530585331387176,0.9122050486942197,0.0019698659868019946,0.9137070594505547,0.001954550063545897,0.9138524153302001,0.0019530585331387176,OUTSIDE_BELOW,0.0061475846697998104
core_S3_d2_M5,core,3,0.5,5,100000,P2,T2,0.5836185446046317,0.5,0.5183062270577027,0.5497223713278117,0.001069995068158392,0.1144889445883282,0.33836215005276254,1.5005619286846978,0.34415,0.0015023673901546188,0.08685,0.0008905452122155281,0.9139,0.0008870557479662705,0.91315,0.0008905452122155281,0.91446,0.0008844371566143067,0.9139,0.0008870557479662705,OUTSIDE_BELOW,0.006099999999999883
D1_S3_d2_M10,D1,3,0.5,10,22464,C1,T_DL,0.5836185446046317,0.5,0.5192398202978377,0.5161714093216471,0.0014488455403661466,0.04715538197398039,0.21715289998980072,0.8191156098139726,0.6706285612535613,0.003135742888334525,0.08747329059829059,0.001885024414150267,0.9019764957264957,0.001983897257905637,0.9125267094017094,0.0018850244141502667,0.9143073361823362,0.0018675592053250308,0.9143073361823362,0.0018675592053250308,OUTSIDE_BELOW,0.005692663817663757
core_S5_d1_M10,core,5,0.0,10,1000000,P2,T2,0.08361854460463167,0.0,0.0073860233323441915,0.06337307610811271,0.00041694129815113376,0.17384004610395265,0.4169412981511338,1.6086146612340078,0.08584,0.0002801276394788633,0.08584,0.0002801276394788633,0.914387,0.0002797917336716724,0.91416,0.00028012763947886333,0.914603,0.000279471559180894,0.914387,0.0002797917336716724,OUTSIDE_BELOW,0.005612999999999979
D3_S3_d1_M10,D3,3,0.0,10,22464,P2,T2,0.08361854460463167,0.0,0.018852497881809517,0.06474597123918278,0.0016776104310409813,0.06322215949929375,0.2514401708146368,0.9670835655646154,0.08667200854700854,0.0018771944836210822,0.08667200854700854,0.0018771944836210822,0.9143963675213675,0.0018666796705836119,0.9133279914529915,0.0018771944836210818,0.9156428062678063,0.0018543024006524602,0.9143963675213675,0.0018666796705836119,OUTSIDE_BELOW,0.005603632478632381
core_S5_d2_M10,core,5,0.5,10,1000000,P2,T2,0.5836185446046317,0.5,0.5073860233323442,0.563474941317986,0.00041621921688202846,0.17323843650188903,0.41621921688202845,1.6084264774321966,0.312403,0.0004634731551999533,0.085686,0.00027989982030004947,0.914414,0.00027975174102049845,0.914314,0.0002798998203000496,0.914762,0.00027923553383478976,0.914414,0.00027975174102049845,OUTSIDE_BELOW,0.00558599999999998
core_S4_d1_M5,core,4,0.0,5,100000,P2,T2,0.0,0.0,0.0,0.000739765505215283,0.0017541003448866095,0.30768680199313225,0.5546952334328575,2.4581408640645352,0.08558,0.0008846245734773594,0.08558,0.0008846245734773594,0.91442,0.0008846245734773593,0.91442,0.0008846245734773593,0.91442,0.0008846245734773593,0.91442,0.0008846245734773593,OUTSIDE_BELOW,0.005579999999999918
D3_S1_d2_M10,D3,1,0.5,10,20000,P3,T2,0.5,0.5,0.5,0.5011516416778717,0.0009389879928351191,0.017633969013770512,0.1327929554372916,0.9445245095567676,0.6087,0.0034509731236275947,0.0145,0.0008452736243371137,0.9855,0.0008452736243371125,0.9855,0.0008452736243371125,0.9855,0.0008452736243371125,0.9855,0.0008452736243371125,OUTSIDE_ABOVE,0.00550000000000006
D1_S5_d2_M10,D1,5,0.5,10,24999,C1,T_DL,0.5836185446046317,0.5,0.5075200304203931,0.5092106238265308,0.0022119823534742897,0.12231675543610931,0.34973812408158955,1.336293116174855,0.34613384535381414,0.0030088819174224103,0.08512340493619745,0.001764998879198615,0.9099963998559942,0.0018100411968157836,0.9148765950638026,0.0017649988791986148,0.9147165886635465,0.0017665024383581864,0.9147165886635465,0.0017665024383581864,BOUNDARY_BELOW,0.005283411336453381
D2_S3_d1_M5,D2,3,0.0,5,20000,P3,T2,0.05215927917676345,0.0,0.01585368268435662,0.038360510711245716,0.0022733667029492294,0.103363923321565,0.32150260235582073,1.9475194419610489,0.01355,0.0008175083332908601,0.01355,0.0008175083332908601,0.98525,0.00085242118403991,0.98645,0.0008175083332908587,0.98625,0.0008234360175508489,0.98525,0.00085242118403991,OUTSIDE_ABOVE,0.005249999999999977
D2_S1_d2_M5,D2,1,0.5,5,20000,P3,T2,0.5,0.5,0.5,0.4975471182296038,0.0014189074095643088,0.04026596473832994,0.20066381023575214,1.5196436758344265,0.15295,0.002545155176998055,0.0148,0.0008538430769175329,0.9852,0.0008538430769175339,0.9852,0.0008538430769175339,0.9852,0.0008538430769175339,0.9852,0.0008538430769175339,OUTSIDE_ABOVE,0.005199999999999982
D2_S1_d2_M30,D2,1,0.5,30,20000,P3,T2,0.5,0.5,0.5,0.5004848779528881,0.000565530207933195,0.006396488321699256,0.07997804899908009,0.421887698451375,0.9999,7.070714249635216e-05,0.01495,0.0008580937448787282,0.98505,0.0008580937448787288,0.98505,0.0008580937448787288,0.98505,0.0008580937448787288,0.98505,0.0008580937448787288,OUTSIDE_ABOVE,0.005049999999999999
D1_S3_d2_M5,D1,3,0.5,5,46644,P2,T2,0.5836185446046317,0.5,0.5192398202978377,0.5486798920270172,0.0015703011161796142,0.1150169019553332,0.33914141881423626,1.4999117356274227,0.3439456307349284,0.0021994643199195357,0.08442672155046738,0.0012873262460254967,0.9151230597718892,0.0012904367233299184,0.9155732784495326,0.0012873262460254967,0.9166666666666666,0.0012797266177959786,0.9151230597718892,0.0012904367233299184,OUTSIDE_BELOW,0.004876940228110693
D1_S5_d1_M10,D1,5,0.0,10,73677,P2,T2,0.08361854460463167,0.0,0.007520030420393065,0.06406013454949822,0.0015282883941079828,0.17208482082259405,0.41483107504452227,1.6061121025007752,0.08526405798281689,0.001028880423806175,0.08526405798281689,0.001028880423806175,0.9152245612606377,0.0010262020770848697,0.9147359420171831,0.001028880423806175,0.9150616881794862,0.0010270959859132692,0.9152245612606377,0.0010262020770848697,OUTSIDE_BELOW,0.004775438739362259
D1_S3_d2_M10,D1,3,0.5,10,22464,P2,T2,0.5836185446046317,0.5,0.5192398202978377,0.5632916175268786,0.0016725470167508441,0.0628410973861116,0.2506812665240696,0.9626549871536783,0.6248219373219374,0.0032303777296377473,0.0858707264957265,0.0018693164670276086,0.9154647435897436,0.0018560779167348944,0.9141292735042735,0.0018693164670276082,0.9170673076923077,0.0018400089811872662,0.9154647435897436,0.0018560779167348944,BOUNDARY_BELOW,0.004535256410256316
D2_S3_d1_M10,D2,3,0.0,10,32252,C1,T_DL,0.05215927917676345,0.0,0.01585368268435662,0.013325452926144458,0.0012427354212808204,0.0498097090882737,0.22318088871647074,0.8436676604000211,0.08619620488651866,0.0015627597802121223,0.08619620488651866,0.0015627597802121223,0.913400719335235,0.0015660639461489757,0.9138037951134813,0.0015627597802121225,0.9157261565174253,0.0015468595566529208,0.9157261565174253,0.0015468595566529208,BOUNDARY_BELOW,0.004273843482574646
core_S3_d1_M10,core,3,0.0,10,100000,P2,T2,0.08361854460463167,0.0,0.018306227057702698,0.0648799891914275,0.0007938935212904553,0.06302669231469586,0.25105117469292165,0.95986795702824,0.08856,0.0008984271055572622,0.08856,0.0008984271055572622,0.91582,0.0008780303388835719,0.91144,0.0008984271055572621,0.91491,0.0008823247242370578,0.91582,0.0008780303388835719,OUTSIDE_BELOW,0.0041799999999999615
D1_S3_d1_M10,D1,3,0.0,10,43282,P2,T2,0.08361854460463167,0.0,0.01923982029783763,0.06263171117119824,0.001193457545025592,0.061648323343597586,0.2482908039851609,0.9591077838799904,0.08742664387043113,0.0013576947403232057,0.08742664387043113,0.0013576947403232057,0.9158541657039878,0.0013343685965534608,0.9125733561295689,0.0013576947403232053,0.9151379326278822,0.0013395114249158035,0.9158541657039878,0.0013343685965534608,OUTSIDE_BELOW,0.004145834296012119
core_S3_d2_M10,core,3,0.5,10,1000000,P2,T2,0.5836185446046317,0.5,0.5183062270577027,0.5637127070464794,0.0002497012626897593,0.06235072058886015,0.24970126268975926,0.9616963111944608,0.627203,0.0004835487532720977,0.086743,0.0002814580820495301,0.915934,0.0002774867702143653,0.913257,0.0002814580820495301,0.916473,0.0002766771408537395,0.915934,0.0002774867702143653,OUTSIDE_BELOW,0.004065999999999903
D3_S3_d2_M10,D3,3,0.5,10,37574,P2,T2,0.5836185446046317,0.5,0.5188524978818095,0.5638475252633073,0.0013003712605449877,0.06353633451265461,0.25206414761455986,0.9673530281217104,0.621626656730718,0.002501965780462923,0.08710810666950551,0.0014547730493306528,0.9159525203598233,0.0014313805539625617,0.9128918933304945,0.0014547730493306528,0.9159259062117422,0.0014315863650037712,0.9159525203598233,0.0014313805539625617,BOUNDARY_BELOW,0.004047479640176599
core_S4_d1_M10,core,4,0.0,10,100000,P2,T2,0.0,0.0,0.0,0.0002674476781680791,0.0012924396528109254,0.16704002561580256,0.4087053041199766,1.5947843479424555,0.08382,0.0008763230431752894,0.08382,0.0008763230431752894,0.91618,0.0008763230431752894,0.91618,0.0008763230431752894,0.91618,0.0008763230431752894,0.91618,0.0008763230431752894,OUTSIDE_BELOW,0.0038199999999999346
core_S4_d2_M10,core,4,0.5,10,100000,P2,T2,0.5,0.5,0.5,0.5004999593173264,0.001289814028217253,0.16636202273860173,0.40787500872032073,1.591932438380663,0.2797,0.0014193939199531609,0.08382,0.0008763230431752894,0.91618,0.0008763230431752894,0.91618,0.0008763230431752894,0.91618,0.0008763230431752894,0.91618,0.0008763230431752894,OUTSIDE_BELOW,0.0038199999999999346
core_S4_d2_M5,core,4,0.5,5,100000,P3,T2,0.5,0.5,0.5,0.49887192834044386,0.0017528639494246419,0.3072532025192555,0.5543042508580062,3.56657555867128,0.01497,0.000384003894511501,0.01647,0.0004024765719889792,0.98353,0.00040247657198897905,0.98353,0.00040247657198897905,0.98353,0.00040247657198897905,0.98353,0.00040247657198897905,OUTSIDE_ABOVE,0.003530000000000033
D2_S3_d2_M10,D2,3,0.5,10,90331,C1,T_DL,0.5521592791767634,0.5,0.5158536826843566,0.5150116764775257,0.0007392247319642945,0.04936166440193057,0.22217485096637415,0.843030775947558,0.6483156391493508,0.0015887346517625667,0.0845003376470979,0.000925422186683885,0.9128095559663902,0.000938655273962627,0.9154996623529021,0.0009254221866838849,0.9165402796382195,0.0009202288221460227,0.9165402796382195,0.0009202288221460227,OUTSIDE_BELOW,0.0034597203617804384
D1_S4_d2_M5,D1,4,0.5,5,27016,P3,T2,0.5,0.5,0.5,0.4988694657174169,0.0033755951956769576,0.3078376732638899,0.5548312115084099,3.5403288963380057,0.01584246372519988,0.000759684294678079,0.016804856381403614,0.0007820359918477582,0.9831951436185964,0.000782035991847758,0.9831951436185964,0.000782035991847758,0.9831951436185964,0.000782035991847758,0.9831951436185964,0.000782035991847758,OUTSIDE_ABOVE,0.0031951436185964077
D1_S4_d2_M10,D1,4,0.5,10,233643,P2,T2,0.5,0.5,0.5,0.49960191419036487,0.000842837911365407,0.16597432015043756,0.4073994601744553,1.5908754411344728,0.27987998784470325,0.0009287781209685608,0.08314394182577693,0.0005712017083901609,0.9168560581742231,0.0005712017083901607,0.9168560581742231,0.0005712017083901607,0.9168560581742231,0.0005712017083901607,0.9168560581742231,0.0005712017083901607,OUTSIDE_BELOW,0.0031439418257768192
D3_S3_d2_M5,D3,3,0.5,5,25942,P2,T2,0.5836185446046317,0.5,0.5188524978818095,0.5514565222844268,0.0021094129774711272,0.11543212270726139,0.33975303193240436,1.5157147888949818,0.3398350165754375,0.0029407531988384656,0.08376378074165446,0.0017200066895242787,0.9168915272531031,0.001713877996018194,0.9162362192583455,0.0017200066895242789,0.9173155500732403,0.001709895506708534,0.9168915272531031,0.001713877996018194,BOUNDARY_BELOW,0.003108472746896851
core_S2_d2_M300,core,2,0.5,300,100000,P3,T2,0.5,0.5,0.5,0.49981312650414306,0.00013965228527981034,0.001950276078387353,0.044161930193180564,0.21772981999002464,1.0,3.162277660168379e-153,0.01695,0.0004081996754040846,0.98305,0.0004081996754040848,0.98305,0.0004081996754040848,0.98305,0.0004081996754040848,0.98305,0.0004081996754040848,OUTSIDE_ABOVE,0.003049999999999997
D1_S4_d1_M10,D1,4,0.0,10,59516,P3,T2,0.0,0.0,0.0,0.0004364594831319111,0.0016675094102381232,0.16548945357947697,0.4068039498081072,1.8114448171019064,0.01695342428926675,0.0005291744844801011,0.01695342428926675,0.0005291744844801011,0.9830465757107333,0.0005291744844801006,0.9830465757107333,0.0005291744844801006,0.9830465757107333,0.0005291744844801006,0.9830465757107333,0.0005291744844801006,OUTSIDE_ABOVE,0.0030465757107333014
clamp5_S3_d2_M10,clamp5,3,0.5,10,299432,P1,T2,0.5866514947676077,0.5,0.5194446547090782,0.5661284238831416,0.0004613462143544312,0.06373120554259393,0.2524504021438546,0.9864321761915305,0.6122124555825696,0.0008904281940684563,0.08548518528413797,0.0005109656386461382,0.9175238451468113,0.0005027172376813323,0.914514814715862,0.0005109656386461381,0.9178444521627614,0.0005018268404466091,0.9175238451468113,0.0005027172376813323,OUTSIDE_BELOW,0.002476154853188639
core_S4_d1_M10,core,4,0.0,10,100000,P3,T2,0.0,0.0,0.0,0.0002674476781680791,0.0012924396528109254,0.16704002561580256,0.4087053041199766,1.813013139027432,0.01758,0.0004155832479780675,0.01758,0.0004155832479780675,0.98242,0.00041558324797806806,0.98242,0.00041558324797806806,0.98242,0.00041558324797806806,0.98242,0.00041558324797806806,OUTSIDE_ABOVE,0.0024199999999999777
D4_S2_d2_M10,D4,2,0.5,10,42242,P4,T2,0.5,0.5,0.5001518310361487,0.5009552769609487,0.001180218013305516,0.05883949679835565,0.24256854041354095,0.9423247655328565,0.561360731025993,0.002414362811159644,0.08238246295156479,0.0013377532115019337,0.9176175370484352,0.0013377532115019341,0.9176175370484352,0.0013377532115019341,0.9176175370484352,0.0013377532115019341,0.9176175370484352,0.0013377532115019341,BOUNDARY_BELOW,0.0023824629515647455
core_S2_d1_M5,core,2,0.0,5,159755,P2,T2,0.0,0.0,0.0,0.0004280187394342489,0.0008092885690574687,0.10463121582407191,0.3234674880479828,1.475844788636185,0.08235735970705142,0.0006877977815429617,0.08235735970705142,0.0006877977815429617,0.9176426402929486,0.0006877977815429615,0.9176426402929486,0.0006877977815429615,0.9176426402929486,0.0006877977815429615,0.9176426402929486,0.0006877977815429615,OUTSIDE_BELOW,0.0023573597070513097
D1_S5_d2_M10,D1,5,0.5,10,24999,P2,T2,0.5836185446046317,0.5,0.5075200304203931,0.566230969869183,0.002617940239900228,0.17133342388112188,0.41392441807789243,1.6116501397095373,0.31141245649825994,0.0029287766467836094,0.08224328973158926,0.0017376115828311909,0.9177167086683468,0.001737996224738831,0.9177567102684108,0.0017376115828311904,0.9178767150686027,0.0017364569247306457,0.9177167086683468,0.001737996224738831,BOUNDARY_BELOW,0.00228329133165317
D1_S4_d1_M10,D1,4,0.0,10,59516,P2,T2,0.0,0.0,0.0,0.0004364594831319111,0.0016675094102381232,0.16548945357947697,0.4068039498081072,1.5935992167268969,0.08221318637005175,0.0011259647113925964,0.08221318637005175,0.0011259647113925964,0.9177868136299483,0.001125964711392596,0.9177868136299483,0.001125964711392596,0.9177868136299483,0.001125964711392596,0.9177868136299483,0.001125964711392596,BOUNDARY_BELOW,0.002213186370051634
D4_S2_d1_M5,D4,2,0.0,5,134196,P2,T2,0.0,0.0,0.00015183103614867843,-9.256476060832448e-05,0.000878659059536588,0.10360491373097615,0.3218771718077816,1.4585312101235086,0.0819771081105249,0.0007488645406308908,0.0819771081105249,0.0007488645406308908,0.9180228918894751,0.000748864540630891,0.9180228918894751,0.000748864540630891,0.9180005365286595,0.000748957522942166,0.9180228918894751,0.000748864540630891,BOUNDARY_BELOW,0.0019771081105248722
D1_S2_d2_M10,D1,2,0.5,10,87181,P4,T2,0.5,0.5,0.5,0.4997438435882296,0.0008241813491284011,0.059219864730068156,0.2433513195568665,0.948638519679858,0.5552700703134857,0.001683020431953277,0.08189857881877932,0.0009286938925772672,0.9181014211812207,0.000928693892577267,0.9181014211812207,0.000928693892577267,0.9181014211812207,0.000928693892577267,0.9181014211812207,0.000928693892577267,BOUNDARY_BELOW,0.0018985788187791952
D4_S2_d1_M10,D4,2,0.0,10,81362,P3,T2,0.0,0.0,0.00015183103614867843,-0.0014996912567481397,0.0008170396269082664,0.05431350836521202,0.23305258712404808,1.0392792672663451,0.01817801922273297,0.0004683589748228418,0.01817801922273297,0.0004683589748228418,0.981821980777267,0.000468358974822842,0.981821980777267,0.000468358974822842,0.981821980777267,0.000468358974822842,0.981821980777267,0.000468358974822842,OUTSIDE_ABOVE,0.0018219807772670293
D1_S2_d2_M5,D1,2,0.5,5,320259,P2,T2,0.5,0.5,0.5,0.500208996962937,0.0005704916606179878,0.10423172947741638,0.3228493913226667,1.471589789897897,0.31555397350269626,0.0008212128913621543,0.08178380623183111,0.0004842342028734269,0.9182161937681689,0.00048423420287342693,0.9182161937681689,0.00048423420287342693,0.9182161937681689,0.00048423420287342693,0.9182161937681689,0.00048423420287342693,OUTSIDE_BELOW,0.0017838062318310532
core_S2_d2_M5,core,2,0.5,5,619687,P2,T2,0.5,0.5,0.5,0.5007717795597203,0.0004096186034481942,0.1039756707240353,0.3224525867845307,1.4746017181926254,0.3133404444501821,0.0005892407435305572,0.08173481128376099,0.000348017753829442,0.918265188716239,0.00034801775382944206,0.918265188716239,0.00034801775382944206,0.918265188716239,0.00034801775382944206,0.918265188716239,0.00034801775382944206,OUTSIDE_BELOW,0.001734811283760962
clamp5_S3_d1_M10,clamp5,3,0.0,10,220605,P1,T2,0.08665149476760768,0.0,0.019444654709078243,0.06698567952381339,0.0005389950734476278,0.06408921361614549,0.2531584752998514,0.9871864504354122,0.08457197253008772,0.0005924035560121557,0.08457197253008772,0.0005924035560121557,0.9184469980281499,0.0005826923948086082,0.9154280274699123,0.0005924035560121558,0.9191360123297296,0.0005804432865216328,0.9184469980281499,0.0005826923948086082,BOUNDARY_BELOW,0.0015530019718500432
D1_S2_d1_M10,D1,2,0.0,10,78670,P4,T2,0.0,0.0,0.0,2.376643755776867e-05,0.0008684800038694469,0.05933743887191492,0.24359277261839055,0.9494470786706283,0.08153044362527012,0.0009756357608039286,0.08153044362527012,0.0009756357608039286,0.9184695563747299,0.0009756357608039283,0.9184695563747299,0.0009756357608039283,0.9184695563747299,0.0009756357608039283,0.9184695563747299,0.0009756357608039283,BOUNDARY_BELOW,0.0015304436252699949
core_S2_d1_M10,core,2,0.0,10,100000,P3,T2,0.0,0.0,0.0,-1.9679255868963352e-05,0.0007373662970683229,0.05437090560522503,0.23317569685802383,1.0439938523653212,0.01856,0.00042679651357526344,0.01856,0.00042679651357526344,0.98144,0.00042679651357526365,0.98144,0.00042679651357526365,0.98144,0.00042679651357526365,0.98144,0.00042679651357526365,OUTSIDE_ABOVE,0.0014399999999999968
D4_S2_d2_M5,D4,2,0.5,5,263467,P2,T2,0.5,0.5,0.5001518310361487,0.5003835298690116,0.000627747013562936,0.10382346929696801,0.3222164944520501,1.460415727479905,0.32683030512360184,0.0009138192970003782,0.0812170025088531,0.0005321901597710784,0.9187829974911469,0.0005321901597710784,0.9187829974911469,0.0005321901597710784,0.9187981796581736,0.0005321448119822841,0.9187829974911469,0.0005321901597710784,BOUNDARY_BELOW,0.0012170025088530378
core_S2_d2_M10,core,2,0.5,10,416633,P4,T2,0.5,0.5,0.5,0.49973237606640253,0.0003769657167693094,0.05920486236864517,0.24332049311277743,0.9482103622191382,0.5540199648131569,0.0007700937229627639,0.08116015774074545,0.0004230722279799015,0.9188398422592545,0.00042307222797990154,0.9188398422592545,0.00042307222797990154,0.9188398422592545,0.00042307222797990154,0.9188398422592545,0.00042307222797990154,BOUNDARY_BELOW,0.0011601577407454045
D1_S2_d1_M10,D1,2,0.0,10,78670,P3,T2,0.0,0.0,0.0,-7.887154601831652e-05,0.0008322751639808965,0.054493288894743606,0.23343797654782653,1.0448411058090439,0.018876318800050845,0.00048519459676322444,0.018876318800050845,0.00048519459676322444,0.9811236811999492,0.00048519459676322395,0.9811236811999492,0.00048519459676322395,0.9811236811999492,0.00048519459676322395,0.9811236811999492,0.00048519459676322395,BOUNDARY_ABOVE,0.0011236811999492113
D2_S1_d2_M10,D2,1,0.5,10,1000000,P3,T2,0.5,0.5,0.5,0.5001763118101714,0.00013948016833469786,0.019454717358675655,0.13948016833469787,0.8032023068228606,0.776379,0.0004166709113425126,0.018983,0.00013646481491945094,0.981017,0.00013646481491945086,0.981017,0.00013646481491945086,0.981017,0.00013646481491945086,0.981017,0.00013646481491945086,OUTSIDE_ABOVE,0.0010170000000000456
core_S5_d2_M10,core,5,0.5,10,1000000,P1,T2,0.5836185446046317,0.5,0.5073860233323442,0.563474941317986,0.00041621921688202846,0.17323843650188903,0.41621921688202845,1.6396023093031133,0.301321,0.0004588318373423972,0.080979,0.0002728028620799276,0.919213,0.00027250772581892066,0.919021,0.0002728028620799277,0.919542,0.00027200093793220645,0.919213,0.00027250772581892066,BOUNDARY_BELOW,0.0007869999999999822
core_S5_d1_M10,core,5,0.0,10,1000000,P1,T2,0.08361854460463167,0.0,0.0073860233323441915,0.06337307610811271,0.00041694129815113376,0.17384004610395265,0.4169412981511338,1.639794140636625,0.080997,0.0002728305078084194,0.080997,0.0002728305078084194,0.919244,0.00027246003094766037,0.919003,0.0002728305078084194,0.919513,0.00027204566313580517,0.919244,0.00027246003094766037,BOUNDARY_BELOW,0.0007559999999999789
D3_S3_d1_M10,D3,3,0.0,10,22464,P1,T2,0.08361854460463167,0.0,0.018852497881809517,0.06474597123918278,0.0016776104310409813,0.06322215949929375,0.2514401708146368,0.9858283668149043,0.08253205128205128,0.0018359600427418621,0.08253205128205128,0.0018359600427418621,0.9194711538461539,0.0018155208774344345,0.9174679487179487,0.0018359600427418623,0.9211627492877493,0.0017980028417263817,0.9194711538461539,0.0018155208774344345,BOUNDARY_BELOW,0.0005288461538460743
D4_S2_d2_M10,D4,2,0.5,10,42242,P2,T2,0.5,0.5,0.5001518310361487,0.500805200935864,0.0011301044190819413,0.05394877882872123,0.2322687642123263,0.924407153261049,0.5723924056626106,0.0024071181096739455,0.08029922825623786,0.0013222291426701737,0.9197007717437621,0.0013222291426701741,0.9197007717437621,0.0013222291426701741,0.9196770986222244,0.0013224070126434163,0.9197007717437621,0.0013222291426701741,BOUNDARY_BELOW,0.000299228256237849
D1_S2_d2_M10,D1,2,0.5,10,87181,P2,T2,0.5,0.5,0.5,0.49981165143040146,0.0007892860480417428,0.0543113625263813,0.23304798331326812,0.9306008560171465,0.5665110517199848,0.0016783490422129313,0.08006331654833049,0.0009191467028723623,0.9199366834516696,0.000919146702872362,0.9199366834516696,0.000919146702872362,0.9199366834516696,0.000919146702872362,0.9199366834516696,0.000919146702872362,BOUNDARY_BELOW,6.331654833036104e-05
