cell,family,scen,delta,M,R,T2,mean_correction_Khat_over_M,sd_correction,bias_diff_P4_minus_P1,bias_diff_mcse_paired,mse_diff_P4_minus_P1,mse_diff_mcse_paired,cov_diff_P4_minus_P1_vs_T2,cov_diff_mcse_paired
core_S1_d1_M3,core,1,0.0,3,100000,0.0,-3.955977580341674e-07,0.05354329143317128,3.955977580342029e-07,0.0001693187543510025,0.002754978728012207,8.673045193263261e-05,2e-05,5.6568507139573694e-05
core_S1_d1_M5,core,1,0.0,5,100000,0.0,1.101823671871183e-05,0.028409898809892684,-1.1018236718711858e-05,8.983998833416785e-05,0.0007953492946586018,3.4167140822600746e-05,-0.00095,0.0002389371779359587
core_S1_d1_M10,core,1,0.0,10,100000,0.0,5.7324966057566905e-05,0.012047121974732752,-5.732496605756694e-05,3.809634469002095e-05,0.0001365344328707005,9.966582290271269e-06,-0.00055,0.0002487910267674459
core_S1_d1_M30,core,1,0.0,30,100000,0.0,4.63492641083188e-06,0.0029097678521963345,-4.634926410831867e-06,9.201493875276594e-06,7.95186603178599e-06,1.340349258236903e-06,0.0,0.00017378147196982766
core_S1_d1_M100,core,1,0.0,100,100000,0.0,-3.232774155811172e-07,0.0005479465412018492,3.23277415581122e-07,1.73275910620914e-06,4.017798182839802e-07,1.3868543651754607e-07,1e-05,0.00010440306029997397
core_S1_d1_M300,core,1,0.0,300,100000,0.0,2.596603376667934e-07,0.00011091087616451666,-2.596603376667938e-07,3.507309859647526e-07,1.742659027275355e-08,1.623847390603119e-08,4e-05,6.480728354128106e-05
core_S1_d2_M3,core,1,0.5,3,100000,0.5,0.00015463288327532276,0.053735017596103045,-0.00015463288327532282,0.00016992504571291143,0.0028093193475437544,8.684419628566613e-05,-7e-05,5.567720359357139e-05
core_S1_d2_M5,core,1,0.5,5,100000,0.5,-2.4046705839661292e-05,0.028665642606142842,2.4046705839661374e-05,9.064872122777638e-05,0.0007527170789796299,3.462863366121683e-05,-0.00071,0.0002321528785089687
core_S1_d2_M10,core,1,0.5,10,100000,0.5,2.2545565206907273e-05,0.012052354692536474,-2.2545565206907415e-05,3.8112891996633624e-05,0.0001315669791686645,9.761499627642041e-06,-0.0007,0.00024575414543807797
core_S1_d2_M30,core,1,0.5,30,100000,0.5,7.411855050614602e-07,0.0029111513121979193,-7.411855050615165e-07,9.205868759933342e-06,7.560195711930543e-06,1.3319592083306954e-06,-0.00027,0.00017578188473218732
core_S1_d2_M100,core,1,0.5,100,100000,0.5,-1.1649325589309242e-06,0.0005449070237866869,1.1649325589310027e-06,1.7231473081894795e-06,1.3068272921176676e-07,1.3738857002192933e-07,-5e-05,0.0001044029453607512
core_S1_d2_M300,core,1,0.5,300,100000,0.5,-2.939210932478858e-07,0.0001108198930630726,2.939210932479197e-07,3.504432721356037e-07,1.6019668215778815e-08,1.6147659925967687e-08,-4e-05,6.164401025241625e-05
core_S2_d1_M3,core,2,0.0,3,100000,0.0,-0.0006631232690538296,0.08418001485210422,0.00066312326905383,0.0002662005803994515,0.024547694935617866,0.0002647057790446464,-7e-05,5.744519997354e-05
core_S2_d1_M5,core,2,0.0,5,159755,0.0,0.0001279781800552519,0.05030342536685147,-0.00012797818005525199,0.0001258549580345754,0.012878297882808571,0.00010612086118612246,-0.004707207912115427,0.00022468860141857403
core_S2_d1_M10,core,2,0.0,10,100000,0.0,9.171335944721748e-05,0.02517707231867411,-9.171335944721744e-05,7.961689334178683e-05,0.004954356233217897,5.323707625683772e-05,-0.0065,0.0003068835283947315
core_S2_d1_M30,core,2,0.0,30,100000,0.0,4.159234675181593e-05,0.007506887850298648,-4.159234675181596e-05,2.373886374638884e-05,0.0008543640834236654,9.588764976133696e-06,-0.00349,0.0002235580439170105
core_S2_d1_M100,core,2,0.0,100,100000,0.0,7.288263037659348e-06,0.0016398744901733467,-7.288263037659335e-06,5.185738465755184e-06,9.891088320243586e-05,1.0452813066625506e-06,-0.00154,0.00013702658136288738
core_S2_d1_M300,core,2,0.0,300,100000,0.0,1.4357327325793246e-06,0.0003569123634121374,-1.435732732579314e-06,1.1286559934561e-06,1.1966182011168348e-05,1.2580452956185031e-07,-0.00068,9.378366595521844e-05
core_S2_d2_M3,core,2,0.5,3,100000,0.5,0.0001501865776779062,0.08371600400280031,-0.00015018657767790607,0.00026473324925662203,0.024461799674220727,0.0002618516782952077,-5e-05,5.916058654205517e-05
core_S2_d2_M5,core,2,0.5,5,619687,0.5,-9.147314531440628e-05,0.05030007857336478,9.147314531440631e-05,6.389729461939166e-05,0.012776764398192602,5.310002164381438e-05,-0.004226327161938204,0.00011272869158441854
core_S2_d2_M10,core,2,0.5,10,416633,0.5,7.382472777067905e-05,0.02506653984850618,-7.382472777067906e-05,3.883448549703101e-05,0.0049137010866406195,2.53313859128519e-05,-0.006427719359724266,0.00015370214107013656
core_S2_d2_M30,core,2,0.5,30,100000,0.5,2.187928555349286e-05,0.0074662501386422615,-2.187928555349285e-05,2.3610356018657486e-05,0.0008357499116290316,9.33289722231645e-06,-0.00367,0.00022218305740987545
core_S2_d2_M100,core,2,0.5,100,100000,0.5,-1.4523654823608335e-06,0.0016374984408570172,1.4523654823607384e-06,5.178224738082697e-06,9.679892269194362e-05,1.0747694233391802e-06,-0.00174,0.00015089640154755183
core_S2_d2_M300,core,2,0.5,300,100000,0.5,1.2229368291409163e-06,0.00035232274537926517,-1.2229368291408699e-06,1.114142346882042e-06,1.1603853175636192e-05,1.1747379847310244e-07,-0.00062,8.82958436167864e-05
core_S3_d1_M3,core,3,0.0,3,100000,0.08361854460463167,-0.015236747844629904,0.08639181950933766,0.015236747844629906,0.00027319492085567723,0.02786572290660079,0.00030353255875563374,-0.00015,6.0825775786256925e-05
core_S3_d1_M5,core,3,0.0,5,100000,0.08361854460463167,-0.014220699023654509,0.053750405921126475,0.014220699023654509,0.00016997370786936043,0.01577172115968816,0.0001855679232532866,-0.00461,0.0002927242371242941
core_S3_d1_M10,core,3,0.0,10,100000,0.08361854460463167,-0.011428281106576553,0.030364149675113257,0.011428281106576553,9.60198721876196e-05,0.0077691075537833585,0.00012801458385343942,-0.00744,0.0003338359836806092
core_S3_d1_M30,core,3,0.0,30,100000,0.08361854460463167,-0.006032472619612583,0.01211009095821391,0.006032472619612583,3.829547009976693e-05,0.0019584556684404584,5.140231573812185e-05,-0.00397,0.0002500847676288982
core_S3_d1_M100,core,3,0.0,100,100000,0.08361854460463167,-0.002311765186473973,0.003810822766400265,0.002311765186473973,1.2050879701048619e-05,0.0003323858753114442,1.665262902295557e-05,-0.00113,0.00018134836916829442
core_S3_d1_M300,core,3,0.0,300,100000,0.08361854460463167,-0.0008494838717985578,0.0011629082306783875,0.0008494838717985576,3.677438718700201e-06,5.498877316344487e-05,4.02393323513477e-06,-0.0006,0.0001272650776921933
core_S3_d2_M3,core,3,0.5,3,100000,0.5836185446046317,-0.01473268084695966,0.08629634370626654,0.01473268084695966,0.00027289299985653877,0.02745407542580113,0.0002968282525821608,-6e-05,5.83092102501826e-05
core_S3_d2_M5,core,3,0.5,5,100000,0.5836185446046317,-0.013901553686475502,0.05358724016155117,0.013901553686475502,0.00016945773243295101,0.015697710789652288,0.00018579204655072933,-0.00519,0.00029228520147280804
core_S3_d2_M10,core,3,0.5,10,1000000,0.5836185446046317,-0.011443485561858474,0.030332775522181582,0.011443485561858474,3.0332775522181582e-05,0.0076046247608922155,3.723221312327901e-05,-0.007386,0.00010657132355375907
core_S3_d2_M30,core,3,0.5,30,100000,0.5836185446046317,-0.006092261294839225,0.012302487500327024,0.006092261294839223,3.8903881386784876e-05,0.0020259142235035305,5.577444841796762e-05,-0.00442,0.0002588525371712628
core_S3_d2_M100,core,3,0.5,100,100000,0.5836185446046317,-0.0023223022879149506,0.0036506941933010318,0.0023223022879149506,1.1544508691582275e-05,0.0003240795983243918,1.1087436375021876e-05,-0.00137,0.00016517030907520878
core_S3_d2_M300,core,3,0.5,300,100000,0.5836185446046317,-0.0008440646884085004,0.0009232389934208533,0.0008440646884085003,2.9195380438911047e-06,4.567579774410996e-05,1.306727624070899e-06,-0.00049,0.00012687631378630135
core_S4_d1_M3,core,4,0.0,3,100000,0.0,-1.803395955345934e-05,0.14013465717387488,1.803395955345948e-05,0.000443144695796299,0.08954062132806453,0.0008175236803187666,-0.00023,6.855268776641801e-05
core_S4_d1_M5,core,4,0.0,5,100000,0.0,-0.0002699339803789064,0.08754991177684748,0.0002699339803789066,0.00027685713016163726,0.04860718254618788,0.0004403334206265682,-0.00558,0.00030081329092977255
core_S4_d1_M10,core,4,0.0,10,100000,0.0,-0.00024951925842984905,0.045585116720114144,0.00024951925842984916,0.00014415279624018502,0.019197796622464167,0.00018466868738330108,-0.00858,0.00034038777298839627
core_S4_d1_M30,core,4,0.0,30,100000,0.0,3.111550159267222e-05,0.014105653250537387,-3.111550159267222e-05,4.460599215625586e-05,0.0033438408914388514,3.5861598367075236e-05,-0.00505,0.00024381340201063594
core_S4_d1_M100,core,4,0.0,100,100000,0.0,-1.0273963356062235e-05,0.0031436084708768458,1.0273963356062221e-05,9.940962839769927e-06,0.00038450683364696695,3.9762700377671035e-06,-0.00197,0.00015511670122846216
core_S4_d1_M300,core,4,0.0,300,100000,0.0,-1.0307939596115717e-06,0.0006734887302320212,1.030793959611575e-06,2.1297583659878886e-06,4.6396529000113755e-05,4.3859469102952983e-07,-0.0009,9.895402973098165e-05
core_S4_d2_M3,core,4,0.5,3,100000,0.5,4.962119111508301e-06,0.14048286965514659,-4.962119111508097e-06,0.00044424584034681623,0.09024566685124695,0.0008230173775794654,-6e-05,7.071042355975531e-05
core_S4_d2_M5,core,4,0.5,5,100000,0.5,-0.00026499291637314287,0.08809559097319296,0.000264992916373143,0.0002785827192938592,0.049418130689117934,0.00045101613377418877,-0.0058,0.00030341984114424684
core_S4_d2_M10,core,4,0.5,10,100000,0.5,-8.142697174414769e-05,0.04557170540409377,8.14269717441477e-05,0.00014411038593514032,0.019317274980422745,0.00018011010116213147,-0.00837,0.0003319629964318312
core_S4_d2_M30,core,4,0.5,30,100000,0.5,-5.370887538176042e-05,0.014223372605974529,5.3708875381760394e-05,4.4978253444124156e-05,0.003407455567547879,3.850003819962884e-05,-0.00462,0.00023703703508101852
core_S4_d2_M100,core,4,0.5,100,100000,0.5,-5.473915251813699e-07,0.0031029714786191447,5.473915251814542e-07,9.812457386976965e-06,0.0003842371181287517,4.065442791689738e-06,-0.0019,0.00014954564520573642
core_S4_d2_M300,core,4,0.5,300,100000,0.5,4.525369871011169e-07,0.0007004907929224174,-4.5253698710103597e-07,2.2151463856121945e-06,4.7415260442318725e-05,4.784933331620186e-07,-0.00077,9.107179036342702e-05
core_S5_d1_M3,core,5,0.0,3,100000,0.08361854460463167,-0.014193860281193592,0.1414399409938662,0.014193860281193592,0.0004472723656604368,0.09282545108914657,0.0008620138715505978,-3e-05,5.385156450837803e-05
core_S5_d1_M5,core,5,0.0,5,100000,0.08361854460463167,-0.014677111276394355,0.08903450089050645,0.014677111276394355,0.0002815518131502902,0.05135627261074795,0.00048511929392234,-0.00635,0.00031574796119690143
core_S5_d1_M10,core,5,0.0,10,1000000,0.08361854460463167,-0.011429409136455486,0.04874074524063888,0.011429409136455486,4.874074524063888e-05,0.021922700758545497,8.013754887036856e-05,-0.008787,0.00010773944788702047
core_S5_d1_M30,core,5,0.0,30,100000,0.08361854460463167,-0.0061094551140267045,0.017138082798250808,0.0061094551140267045,5.4195376371024514e-05,0.004519895434082152,8.780175748620483e-05,-0.0049,0.00024322808226025217
core_S5_d1_M100,core,5,0.0,100,100000,0.08361854460463167,-0.0023149196605175984,0.004676552207711466,0.0023149196605175984,1.4788556573057082e-05,0.0006181857804168882,2.425907902839839e-05,-0.00175,0.0001557863119789412
core_S5_d1_M300,core,5,0.0,300,100000,0.08361854460463167,-0.0008439552239685869,0.001135647420614654,0.0008439552239685872,3.5912324680375617e-06,8.275808719694234e-05,2.2165233164342193e-06,-0.00073,0.00011355470487830963
core_S5_d2_M3,core,5,0.5,3,100000,0.5836185446046317,-0.01500638389355022,0.14183712370592302,0.01500638389355022,0.0004485283676777792,0.09434637109546253,0.0008561968638205878,2e-05,6.782327034285504e-05
core_S5_d2_M5,core,5,0.5,5,100000,0.5836185446046317,-0.014179879110385324,0.08975458508012278,0.014179879110385324,0.0002838289192965544,0.05211795452696325,0.0004941691740342632,-0.00621,0.0003080817407766971
core_S5_d2_M10,core,5,0.5,10,1000000,0.5836185446046317,-0.011379814315524107,0.048610457474486946,0.011379814315524107,4.8610457474486946e-05,0.02176911874844786,7.822388307259606e-05,-0.008754,0.00010732831631959946
core_S5_d2_M30,core,5,0.5,30,100000,0.5836185446046317,-0.00619348829532214,0.017312164806876355,0.0061934882953221405,5.474587201793832e-05,0.004634526049363813,7.293921495162574e-05,-0.00494,0.0002532902761655094
core_S5_d2_M100,core,5,0.5,100,100000,0.5836185446046317,-0.0023274999219260717,0.0045559787550758955,0.0023274999219260717,1.4407269837378247e-05,0.0006170876005321027,1.4237237141277e-05,-0.00176,0.0001554638993464399
core_S5_d2_M300,core,5,0.5,300,100000,0.5836185446046317,-0.0008459402807486257,0.001126990099139254,0.0008459402807486256,3.563855613739009e-06,8.43332963739943e-05,2.2003634183594988e-06,-0.00068,9.897159188373195e-05
D1_S1_d1_M3,D1,1,0.0,3,20000,0.0,7.230204348703805e-05,0.05359125166908292,-7.230204348703805e-05,0.00037894737467483416,0.00278980870845661,0.00019870992152721384,-0.00015,8.659604494432755e-05
D1_S1_d1_M5,D1,1,0.0,5,20000,0.0,-2.0874803332381387e-05,0.028455845781044823,2.0874803332381475e-05,0.00020121321516175403,0.0006703971146834018,7.829311632392416e-05,-0.00135,0.0005544446545869118
D1_S1_d1_M10,D1,1,0.0,10,20000,0.0,-5.593602444659984e-05,0.012020804764456675,5.593602444659988e-05,8.499992564266873e-05,0.00012053602821028253,2.201938086094847e-05,-0.001,0.0005830523132618546
D1_S1_d1_M30,D1,1,0.0,30,20000,0.0,-9.75093538101624e-06,0.002982622311503085,9.750935381016246e-06,2.109032462182127e-05,1.0361171214326035e-05,3.0587726581795477e-06,-0.0003,0.00038078274645787194
D1_S1_d1_M100,D1,1,0.0,100,20000,0.0,-2.919762981135019e-06,0.0005465025095170035,2.9197629811350427e-06,3.864356304149389e-06,-3.3594778988313304e-08,3.130536234878113e-07,-0.0001,0.0002645741861935892
D1_S1_d2_M3,D1,1,0.5,3,20000,0.5,-0.00038005379199607445,0.05371575086415599,0.0003800537919960745,0.0003798277169257185,0.0025337832230902728,0.00019818105166846214,-0.00015,0.0001117983676088341
D1_S1_d2_M5,D1,1,0.5,5,20000,0.5,0.00015001709646745608,0.028305142196940455,-0.00015001709646745635,0.00020014757989906087,0.0007483713401660199,7.868186877457945e-05,-0.00145,0.0005360922262073942
D1_S1_d2_M10,D1,1,0.5,10,20000,0.5,8.103006870436422e-05,0.012212139929003453,-8.103006870436409e-05,8.635286956597344e-05,0.0001439927548304158,2.257211001354464e-05,-0.00205,0.000576445899456315
D1_S1_d2_M30,D1,1,0.5,30,20000,0.5,6.374388174691558e-06,0.002896727424265612,-6.374388174691471e-06,2.0482956049472555e-05,9.105875167671307e-07,2.9540020552333147e-06,-0.0001,0.0003605544341704869
D1_S1_d2_M100,D1,1,0.5,100,20000,0.5,-7.4932729338668525e-06,0.0005439964038930417,7.493272933866796e-06,3.846635461338658e-06,-1.0998540351393974e-07,3.070071612178404e-07,-0.00045,0.0002692394380472519
D1_S2_d1_M3,D1,2,0.0,3,20000,0.0,-0.00029036708669690967,0.08368719741061832,0.00029036708669690956,0.0005917578478754549,0.024400127399655133,0.0005971731854373123,-0.00015,0.00013228331338456867
D1_S2_d1_M5,D1,2,0.0,5,20000,0.0,9.04761456934193e-05,0.05057962480078295,-9.047614569341948e-05,0.000357651956865049,0.012853201518969723,0.0003046100783714816,-0.0046,0.0006847933995009006
D1_S2_d1_M10,D1,2,0.0,10,78670,0.0,-0.00010263798357608527,0.02499030682738558,0.00010263798357608534,8.90978067077017e-05,0.004844144321294097,5.6353391340754826e-05,-0.0061649930087708145,0.0003518099055874587
D1_S2_d1_M30,D1,2,0.0,30,20000,0.0,0.00011424200683077395,0.007644669134340096,-0.0001142420068307739,5.405597384819376e-05,0.0008931117004445678,2.2288134141113623e-05,-0.00385,0.0005213049731203416
D1_S2_d1_M100,D1,2,0.0,100,20000,0.0,4.960724782919823e-06,0.001646311696702696,-4.960724782919822e-06,1.164118164685207e-05,9.453186516974598e-05,2.3988973508917905e-06,-0.0015,0.00029981244136960026
D1_S2_d2_M3,D1,2,0.5,3,20000,0.5,-0.0006241694676240989,0.08439042246622241,0.000624169467624099,0.0005967303999306344,0.0244179329702388,0.000604420669781165,0.0001,9.999749996874922e-05
D1_S2_d2_M5,D1,2,0.5,5,320259,0.5,4.396425524947922e-05,0.050339806497790934,-4.396425524947929e-05,8.895305543695678e-05,0.012741748112714018,7.448098490379707e-05,-0.004174746064903719,0.00015778279520138863
D1_S2_d2_M10,D1,2,0.5,10,87181,0.5,6.780784217190278e-05,0.025063245358973727,-6.78078421719027e-05,8.488410669442884e-05,0.004908532344610505,5.452198482458125e-05,-0.006377536389809706,0.00033880471467065214
D1_S2_d2_M30,D1,2,0.5,30,20000,0.5,4.891594358566423e-06,0.007401096141881714,-4.891594358566223e-06,5.233365270138154e-05,0.0008233300132280425,2.1267823207965e-05,-0.00485,0.0005397442681492783
D1_S2_d2_M100,D1,2,0.5,100,20000,0.5,1.5157650619603602e-05,0.0016479549329168504,-1.5157650619603624e-05,1.165280108155327e-05,9.829650008394208e-05,2.38561537570166e-06,-0.0024,0.0003601555219623878
D1_S3_d1_M3,D1,3,0.0,3,20000,0.08361854460463167,-0.014692810690506878,0.08711507695251226,0.014692810690506878,0.0006159966165670933,0.02857317734022406,0.0006806918353241619,-5e-05,0.000165830862628161
D1_S3_d1_M5,D1,3,0.0,5,20000,0.08361854460463167,-0.013632515966047672,0.053625251350097124,0.013632515966047672,0.0003791877887248674,0.015475013184001124,0.00040775371707125297,-0.005,0.0006882949948968101
D1_S3_d1_M10,D1,3,0.0,10,43282,0.08361854460463167,-0.011274537773633254,0.029948535096188913,0.011274537773633252,0.00014395339899558478,0.007312240898371835,0.00017572129753954858,-0.00660782773439305,0.0004923492596947377
D1_S3_d1_M30,D1,3,0.0,30,20000,0.08361854460463167,-0.0061470788747764234,0.012186650872183244,0.0061470788747764234,8.617263471673726e-05,0.0020192929544340004,0.00010238233019924761,-0.00475,0.0005668967057586416
D1_S3_d1_M100,D1,3,0.0,100,20000,0.08361854460463167,-0.002321323750571925,0.003381273920661948,0.002321323750571925,2.3909217183492874e-05,0.00030578320941756685,1.5129403335797799e-05,-0.001,0.00039363688851529145
D1_S3_d2_M3,D1,3,0.5,3,20000,0.5836185446046317,-0.014745531160708132,0.08581241467585286,0.014745531160708132,0.0006067854032728757,0.027411046485919816,0.0006668421135983367,-0.0002,9.998999949994999e-05
D1_S3_d2_M5,D1,3,0.5,5,46644,0.5836185446046317,-0.014362803997995666,0.05397196086514266,0.014362803997995666,0.00024990232890238263,0.01601264517274449,0.00027339565338073396,-0.004866649515478947,0.00042872355699764646
D1_S3_d2_M10,D1,3,0.5,10,22464,0.5836185446046317,-0.011618618516305244,0.03040446525428009,0.011618618516305244,0.0002028587870249496,0.007718821928314459,0.000249274213938954,-0.008858618233618233,0.000770053064526689
D1_S3_d2_M30,D1,3,0.5,30,20000,0.5836185446046317,-0.006244843337897529,0.013013157785328262,0.00624484333789753,9.201692114656128e-05,0.002215573735117311,0.00014878878890535867,-0.0039,0.0005867192684751372
D1_S3_d2_M100,D1,3,0.5,100,20000,0.5836185446046317,-0.002306030194919691,0.0033991342408520578,0.002306030194919691,2.4035508718698774e-05,0.0002960157326638897,1.5938140958533344e-05,-0.00115,0.00038397119032552426
D1_S4_d1_M3,D1,4,0.0,3,20000,0.0,-0.0009721856318507829,0.13972176068509365,0.0009721856318507829,0.0009879820445975367,0.0891861215953337,0.0018813662693205103,-0.0001,0.0001581123018616831
D1_S4_d1_M5,D1,4,0.0,5,20000,0.0,0.00016638868734562904,0.08761910412987926,-0.0001663886873456294,0.0006195606269172785,0.04793361396447238,0.0009847561976973108,-0.0051,0.0006623439438841424
D1_S4_d1_M10,D1,4,0.0,10,59516,0.0,0.0001629601208368759,0.04561578425838726,-0.00016296012083687593,0.000186981344557085,0.019212926838433984,0.0002326508808248778,-0.00877075072249479,0.00044626277602441406
D1_S4_d1_M30,D1,4,0.0,30,20000,0.0,-7.666416234625589e-05,0.01396875468338368,7.666416234625587e-05,9.877401161351945e-05,0.003311477703128878,8.309316019682016e-05,-0.00495,0.0005303535377462849
D1_S4_d1_M100,D1,4,0.0,100,20000,0.0,-3.168642613245659e-05,0.003067944685791771,3.1686426132456634e-05,2.1693644916285926e-05,0.0003800886077424115,8.077840451473576e-06,-0.0023,0.0003387262906832004
D1_S4_d2_M3,D1,4,0.5,3,1000000,0.5,0.00011321859760388485,0.14031886592292211,-0.00011321859760388466,0.0001403188659229221,0.0901117639995699,0.0002592190394098915,-8.4e-05,2.0248282495066097e-05
D1_S4_d2_M5,D1,4,0.5,5,27016,0.5,0.0006050144190021446,0.08671475711543271,-0.0006050144190021446,0.0005275729112595392,0.04785434697497434,0.0008721047406970015,-0.005959431448030797,0.0005968971082774434
D1_S4_d2_M10,D1,4,0.5,10,233643,0.5,-7.587997534157008e-07,0.0456253883334768,7.587997534157636e-07,9.439091301632113e-05,0.019119101173816638,0.00012085846451350717,-0.008555788104073309,0.0002171414862768443
D1_S4_d2_M30,D1,4,0.5,30,20000,0.5,0.0001885931189763063,0.013995666733233724,-0.00018859311897630632,9.896430854296542e-05,0.0033757213131706933,7.32623712181133e-05,-0.00505,0.0005533758894277921
D1_S4_d2_M100,D1,4,0.5,100,20000,0.5,-1.6064744669232728e-05,0.003165768327847897,1.606474466923248e-05,2.2385362522868455e-05,0.00038837866071881895,9.490914630713415e-06,-0.00135,0.0002870694602356719
D1_S5_d1_M3,D1,5,0.0,3,20000,0.08361854460463167,-0.014054773259913868,0.14512414942206467,0.014054773259913864,0.001026182701702717,0.09893858752769924,0.002039396131158348,-0.0001,0.00014141958845930786
D1_S5_d1_M5,D1,5,0.0,5,20000,0.08361854460463167,-0.014834164284844076,0.08947174128507475,0.014834164284844076,0.0006326607498724474,0.051726093867457454,0.0011511507961042124,-0.00565,0.0006898578657955564
D1_S5_d1_M10,D1,5,0.0,10,73677,0.08361854460463167,-0.01144639439643733,0.04841304137681974,0.01144639439643733,0.00017835956299012122,0.021538485314831466,0.00028233896023687204,-0.008754428111893807,0.00039741842863826987
D1_S5_d1_M30,D1,5,0.0,30,20000,0.08361854460463167,-0.006072176879767794,0.017553660790026435,0.006072176879767793,0.00012412312579276102,0.004695373579013991,0.00018212855063791963,-0.00435,0.0005801326356963552
D1_S5_d1_M100,D1,5,0.0,100,20000,0.08361854460463167,-0.0023000371173878763,0.004481054120054546,0.0023000371173878763,3.168583755154487e-05,0.0006245800757139979,3.3987992523828666e-05,-0.00225,0.0003965436609000325
D1_S5_d2_M3,D1,5,0.5,3,20000,0.5836185446046317,-0.013821375955669015,0.14144662895112756,0.013821375955669011,0.0010001787050731973,0.09515184012025527,0.0019485842168225056,-0.0001,0.0001581123018616831
D1_S5_d2_M5,D1,5,0.5,5,20000,0.5836185446046317,-0.014428315274932027,0.089940697371105,0.014428315274932024,0.0006359767701575543,0.05222974172047472,0.001105351105411647,-0.00645,0.000685871616995484
D1_S5_d2_M10,D1,5,0.5,10,24999,0.5836185446046317,-0.011589443539281938,0.04916031853564983,0.011589443539281938,0.0003109233726737333,0.021923361253571517,0.0005391634193899983,-0.009040361614464578,0.0006787988405501704
D1_S5_d2_M30,D1,5,0.5,30,20000,0.5836185446046317,-0.006084224324669298,0.017402517722345398,0.006084224324669298,0.00012305438291189503,0.004658084943986949,0.00018645636659438258,-0.0059,0.0005901351540113502
D1_S5_d2_M100,D1,5,0.5,100,20000,0.5836185446046317,-0.002342410539623131,0.004646409603559964,0.0023424105396231305,3.285507738847549e-05,0.0005965847283688913,3.529312672826891e-05,-0.00175,0.00034978118159786697
D2_S1_d1_M5,D2,1,0.0,5,20000,0.0,5.4216516306030404e-05,0.02186605317079884,-5.421651630603042e-05,0.00015461634474857468,0.0004716726752756829,6.21189528677484e-05,-5e-05,0.0004444095802297696
D2_S1_d1_M10,D2,1,0.0,10,20000,0.0,5.853880061588517e-05,0.00824344144382485,-5.853880061588513e-05,5.828993345242776e-05,9.811720451591424e-05,1.62840961302179e-05,0.00045,0.00042129547232316655
D2_S1_d1_M30,D2,1,0.0,30,20000,0.0,2.4289721950919146e-05,0.0017169558396916303,-2.428972195091911e-05,1.2140711172437945e-05,5.627335659968832e-06,1.9055165950388955e-06,-0.0001,0.0002549499950970778
D2_S1_d2_M5,D2,1,0.5,5,20000,0.5,0.00014770993464672782,0.0218399195022499,-0.00014770993464672787,0.00015443155180609231,0.000435965499687348,6.189936407659451e-05,0.00035,0.00044440282964895716
D2_S1_d2_M10,D2,1,0.5,10,1000000,0.5,1.8541442558879195e-06,0.008222176609690345,-1.8541442558879108e-06,8.222176609690345e-06,6.425218086721616e-05,2.281994127374584e-06,-0.000186,5.974918747564689e-05
D2_S1_d2_M30,D2,1,0.5,30,20000,0.5,-1.3233806697520014e-05,0.0017000808919672074,1.3233806697519752e-05,1.2021387272756868e-05,3.5368384491700823e-06,1.917617139472314e-06,0.0,0.00025495097567963923
D2_S3_d1_M5,D2,3,0.0,5,20000,0.05215927917676345,-0.010388682947315953,0.03821750894789358,0.010388682947315953,0.0002702385973711311,0.007679459747226681,0.00024160702697352556,-0.00115,0.0004499265217788344
D2_S3_d1_M10,D2,3,0.0,10,32252,0.05215927917676345,-0.0065359922068106355,0.016400640803160185,0.0065359922068106355,9.13234882028074e-05,0.002453421034163816,6.93385372091555e-05,-0.0022634255239985116,0.0003882974374659267
D2_S3_d1_M30,D2,3,0.0,30,20000,0.05215927917676345,-0.002592286806839577,0.003946879907932576,0.002592286806839577,2.7908655474280608e-05,0.0003228186005881662,1.2064464041822561e-05,-0.00135,0.00039674787334023604
D2_S3_d2_M5,D2,3,0.5,5,20000,0.5521592791767634,-0.010303787117348782,0.03734211909341335,0.010303787117348782,0.00026404865634828233,0.007330230528665686,0.00022955353960625043,-0.002,0.0004525483399593904
D2_S3_d2_M10,D2,3,0.5,10,90331,0.5521592791767634,-0.006507023066506668,0.016551950915274716,0.006507023066506668,5.5071991387008757e-05,0.0025050825537010907,3.8876511461734807e-05,-0.0024797688501179,0.00023259547026018018
D2_S3_d2_M30,D2,3,0.5,30,20000,0.5521592791767634,-0.0026135310884108248,0.00409246972553011,0.0026135310884108243,2.8938130947229886e-05,0.00035347237656534533,1.7231563634865924e-05,-0.00185,0.0004029005770658563
D3_S1_d1_M5,D3,1,0.0,5,20000,0.0,-5.791099955781553e-06,0.028740921756807702,5.79109995578157e-06,0.00020322900671790708,0.0007265300591337745,7.92534521005421e-05,-0.0012,0.00048469371772285225
D3_S1_d1_M10,D3,1,0.0,10,20000,0.0,0.00011281873485805809,0.012560423599413941,-0.00011281873485805806,8.881560701721141e-05,0.0001595991878775871,2.3195548116710393e-05,-0.0006,0.0005787762952989696
D3_S1_d1_M30,D3,1,0.0,30,20000,0.0,-2.816058266284149e-05,0.0029840049204864767,2.8160582662841506e-05,2.1100101143700123e-05,9.652871148148245e-06,3.0930531513147804e-06,-0.0004,0.00038077815063367276
D3_S1_d2_M5,D3,1,0.5,5,20000,0.5,0.00027655605337357744,0.02889833313036403,-0.000276556053373577,0.00020434207321468273,0.000774793812849685,7.931013963387475e-05,-0.00165,0.0005218849250553229
D3_S1_d2_M10,D3,1,0.5,10,20000,0.5,-2.50589454930375e-05,0.012294426722684899,2.5058945493037466e-05,8.693472506411593e-05,0.00018683548316959504,2.2929144066752672e-05,-0.0008,0.0005700596460020652
D3_S1_d2_M30,D3,1,0.5,30,20000,0.5,-1.447488795664792e-06,0.0029525677122951943,1.4474887956651473e-06,2.087780651276383e-05,2.3392221837802847e-06,3.1053851226023048e-06,-0.00045,0.00035705724330980875
D3_S3_d1_M5,D3,3,0.0,5,20639,0.08361854460463167,-0.013648847101021551,0.05357941553243009,0.013648847101021551,0.00037295260615285134,0.015163886693872669,0.00038122024601770885,-0.00557197538640438,0.0006823976899412265
D3_S3_d1_M10,D3,3,0.0,10,22464,0.08361854460463167,-0.0115241819331583,0.030583176468773853,0.0115241819331583,0.0002040511493933309,0.00778635476796787,0.0002818615374081718,-0.006766381766381766,0.000705220813519973
D3_S3_d1_M30,D3,3,0.0,30,20000,0.08361854460463167,-0.0061185337932545235,0.012353852841768868,0.0061185337932545235,8.735493118195467e-05,0.0020325584842527454,0.0001273814872117701,-0.00375,0.0005672714297406489
D3_S3_d2_M5,D3,3,0.5,5,25942,0.5836185446046317,-0.014418936923946666,0.054166276639948566,0.014418936923946666,0.00033630030094427855,0.015906002963238297,0.0003721563444119417,-0.005782129365507671,0.0006157147973554659
D3_S3_d2_M10,D3,3,0.5,10,37574,0.5836185446046317,-0.011440225024819152,0.03055059720933672,0.01144022502481915,0.0001576071765043536,0.007710758732914038,0.00019596775782990887,-0.007185819981902379,0.0005493483989555341
D3_S3_d2_M30,D3,3,0.5,30,20000,0.5836185446046317,-0.006125443409508064,0.013563880083881943,0.006125443409508063,9.591111586514079e-05,0.0022560894016487305,0.00031224558450339436,-0.00455,0.0005843499593565486
D4_S2_d1_M5,D4,2,0.0,5,134196,0.0,6.279962764688529e-05,0.050290912324093,-6.279962764688525e-05,0.00013728393808652283,0.012825459412442734,0.00011799281556594595,-0.005409997317356702,0.0002502815896546753
D4_S2_d1_M10,D4,2,0.0,10,81362,0.0,-1.4471751709953283e-06,0.025312911372452982,1.4471751709952682e-06,8.874242469877697e-05,0.004925681226347233,5.901686369707773e-05,-0.006317445490523832,0.00035297202976194444
D4_S2_d1_M30,D4,2,0.0,30,20000,0.0,-6.05528204042947e-05,0.0076143560695288125,6.055282040429466e-05,5.38416281113277e-05,0.0008673850934269614,2.188322540737038e-05,-0.00315,0.0004604387852907268
D4_S2_d2_M5,D4,2,0.5,5,263467,0.5,-0.00014083610204655028,0.050235873262445795,0.00014083610204655022,9.78702827360049e-05,0.012628878095232119,8.515310937197586e-05,-0.004763404904599058,0.00017709454148338695
D4_S2_d2_M10,D4,2,0.5,10,42242,0.5,-0.0001500760250846691,0.02520079977460676,0.0001500760250846691,0.00012261457233073316,0.004890982175159432,8.025746263569261e-05,-0.007196628947493016,0.0005020779572435544
D4_S2_d2_M30,D4,2,0.5,30,20000,0.5,-6.371932154660231e-05,0.007620424633056967,6.371932154660226e-05,5.388453933555589e-05,0.0008537587570463525,2.2648927146687837e-05,-0.00375,0.0004967865487309414
clamp5_S1_d1_M5,clamp5,1,0.0,5,20000,0.0,-4.5512698772606287e-05,0.03013082711166801,4.551269877260631e-05,0.00021305712173419925,0.0008263315213166301,8.550225853026802e-05,0.00035,0.0004924366710552738
clamp5_S1_d1_M10,clamp5,1,0.0,10,1000000,0.0,8.420415296151615e-06,0.012547701383241518,-8.420415296151613e-06,1.2547701383241519e-05,0.00015971361518840198,3.3180496535918417e-06,-0.0006,8.03469974547898e-05
clamp5_S1_d1_M30,clamp5,1,0.0,30,20000,0.0,2.0081645465183746e-05,0.0030445802043738324,-2.0081645465183736e-05,2.1528433083790616e-05,1.013999785900642e-05,3.169252506476751e-06,0.0003,0.00042425876537792353
clamp5_S1_d2_M5,clamp5,1,0.5,5,20000,0.5,0.00017186818662969893,0.030264082903412964,-0.00017186818662969853,0.00021399938247395163,0.0007940639085275932,8.460756527940252e-05,-0.00025,0.0005361873506527359
clamp5_S1_d2_M10,clamp5,1,0.5,10,20000,0.5,3.76437233341236e-05,0.012580851976515577,-3.764372333412359e-05,8.896005745698343e-05,0.00011570701190012744,2.3847183545161336e-05,-0.00115,0.0005978577380949418
clamp5_S1_d2_M30,clamp5,1,0.5,30,20000,0.5,3.395886397692099e-05,0.002968684431544356,-3.3958863976921326e-05,2.0991768927479444e-05,1.0859968454090463e-05,3.1251226160952847e-06,0.00015,0.00036400394915440135
clamp5_S3_d1_M5,clamp5,3,0.0,5,20000,0.08665149476760768,-0.014345063745568876,0.05567036363412239,0.014345063745568876,0.0003936489163680891,0.016794945742899973,0.00042879829828534357,-0.00525,0.000645075092527994
clamp5_S3_d1_M10,clamp5,3,0.0,10,220605,0.08665149476760768,-0.01154768608054228,0.031033400230695674,0.01154768608054228,6.607264408928623e-05,0.007901843230478848,8.250146999310947e-05,-0.0076743500827270465,0.00022755456383048882
clamp5_S3_d1_M30,clamp5,3,0.0,30,20000,0.08665149476760768,-0.006230951118680311,0.012692980926309522,0.006230951118680311,8.975292886464967e-05,0.002091744651631857,0.00011229444927966774,-0.00505,0.0005755213940419591
clamp5_S3_d2_M5,clamp5,3,0.5,5,20000,0.5866514947676077,-0.014792171557541435,0.05524357817347526,0.014792171557541435,0.000390631087434735,0.016123366614410037,0.0004043495746647656,-0.0055,0.0006807991627491912
clamp5_S3_d2_M10,clamp5,3,0.5,10,299432,0.5866514947676077,-0.011411422954466607,0.030627301255346722,0.011411422954466609,5.597055647388237e-05,0.007659392726792338,6.683552066850357e-05,-0.007343904459109247,0.00019447157271698575
clamp5_S3_d2_M30,clamp5,3,0.5,30,20000,0.5866514947676077,-0.006124189402639618,0.011850692268984364,0.006124189402639618,8.379704865153836e-05,0.0019352473189361082,7.44935235534267e-05,-0.0029,0.00054275178488882
