cell,family,scen,delta,M,R,mean_V,mean_V2,emp_sd_Rhat,emp_var_Rhat,mean_rho,ratio_meanV_to_empSD,ratio_meanV2_to_empVar
core_S1_d1_M3,core,1,0.0,3,100000,0.20625999532740913,0.05822393981737158,0.25410979564718184,0.06457178824385253,-0.00227213077203334,0.8116963566953175,0.9016931604478945
core_S1_d1_M5,core,1,0.0,5,100000,0.16718625775879387,0.03339846142230495,0.19004361415344495,0.036116575280503466,-0.00022691527824989294,0.8797257329772964,0.9247405426154619
core_S1_d1_M10,core,1,0.0,10,100000,0.1219980939635205,0.01627455583999352,0.1308944983829424,0.01713336970692211,-0.002916602451985201,0.9320337788881337,0.9498747834419508
core_S1_d1_M30,core,1,0.0,30,100000,0.07196994412813255,0.00534645498967801,0.0738775150921398,0.005457887236189344,-0.001242991553565991,0.9741792754990726,0.9795832633234953
core_S1_d1_M100,core,1,0.0,100,100000,0.03983834153947386,0.0016030028867067508,0.04035073140694647,0.0016281815250755365,0.00021902030122069704,0.9873015965360072,0.9845357302112752
core_S1_d1_M300,core,1,0.0,300,100000,0.02306916759696771,0.000533996724749002,0.023132326168111277,0.0005351045139478858,-0.00020730617464767402,0.9972696835292495,0.9979297704093155
core_S1_d2_M3,core,1,0.5,3,100000,0.20675881977598815,0.058572444075950504,0.25334844928718653,0.06418543675622213,0.4893888809310557,0.8161045404371665,0.912550370240684
core_S1_d2_M5,core,1,0.5,5,100000,0.16783283635697496,0.03371793517306134,0.19052317663133253,0.03629908083369393,0.5612583750179126,0.880905091571804,0.9288922583891797
core_S1_d2_M10,core,1,0.5,10,100000,0.12185726756920155,0.01624753881778388,0.1302824617824098,0.016973519848085067,0.6212300174279879,0.9353313247390158,0.9572286104002706
core_S1_d2_M30,core,1,0.5,30,100000,0.0719829753711003,0.005347086606527587,0.07377356600817124,0.005442539041562,0.6751465145893736,0.9757285605948258,0.9824617822113006
core_S1_d2_M100,core,1,0.5,100,100000,0.03982932965720442,0.001602060006607026,0.04026885145834726,0.0016215803977744359,0.7037849000484954,0.9890853156912741,0.9879621194273185
core_S1_d2_M300,core,1,0.5,300,100000,0.023073345088936086,0.0005341744960882589,0.023131946609388755,0.0005350869539396119,0.7147384622514524,0.9974666412022202,0.9982947484616566
core_S2_d1_M3,core,2,0.0,3,100000,0.3103331819224195,0.12936481644244094,0.4117912104405406,0.16957200099608563,0.0063484288894125815,0.7536177899242197,0.7628901922636814
core_S2_d1_M5,core,2,0.0,5,159755,0.2657795729282114,0.08404185293256364,0.3234674880479828,0.10463121582407191,0.000392603932038307,0.8216577639134662,0.8032196918544132
core_S2_d1_M10,core,2,0.0,10,100000,0.20568316843854703,0.046738495037967065,0.23317569685802383,0.05437090560522503,-0.0008633156582275638,0.8820952235162978,0.8596232583897869
core_S2_d1_M30,core,2,0.0,30,100000,0.12971313157117723,0.0176549922954302,0.13774870552939425,0.01897470587502377,-9.825491270440779e-05,0.94166497661568,0.9304487991389264
core_S2_d1_M100,core,2,0.0,100,100000,0.07446601857737732,0.005663059792520954,0.07615322268027658,0.0057993133245917905,-0.001626293180815479,0.9778446132216512,0.9765052301118035
core_S2_d1_M300,core,2,0.0,300,100000,0.04368368515046799,0.001925213942196936,0.044147058928129645,0.0019489628120037516,-0.0007302095283537371,0.9895038584922268,0.9878146111046628
core_S2_d2_M3,core,2,0.5,3,100000,0.3106942718318376,0.12940403214698107,0.40958993945560157,0.16776391850324335,0.3108652298674579,0.7585495684898678,0.7713460278079957
core_S2_d2_M5,core,2,0.5,5,619687,0.2655557128487824,0.08389299139499377,0.3224525867845307,0.1039756707240353,0.35719247209030697,0.8235496433658076,0.8068521300300768
core_S2_d2_M10,core,2,0.5,10,416633,0.20559598045455954,0.04670125478108992,0.2330047109962426,0.05429119534644253,0.3954222615740747,0.8823683417193867,0.8601994206073427
core_S2_d2_M30,core,2,0.5,30,100000,0.1297116758819814,0.017647714971173838,0.1370173841425956,0.01877376355727961,0.4363297822847151,0.9466804281344983,0.9400200933249134
core_S2_d2_M100,core,2,0.5,100,100000,0.07442143236100739,0.005656770048206608,0.07598499744369976,0.005773719836519059,0.460282514831061,0.9794227132290045,0.9797444642927186
core_S2_d2_M300,core,2,0.5,300,100000,0.043692861185317663,0.0019260522054166582,0.044161930193180564,0.001950276078387353,0.4708709542702877,0.9893784305665305,0.9875792595524604
core_S3_d1_M3,core,3,0.0,3,100000,0.31364352487003505,0.13100711286817956,0.4245668190039316,0.18025698379911723,0.11516255593693588,0.738737722382235,0.7267796792504699
core_S3_d1_M5,core,3,0.0,5,100000,0.27008922441474037,0.08669336679411295,0.33774558628000884,0.11407208105162688,0.1475604312936946,0.7996824692501598,0.7599875972708622
core_S3_d1_M10,core,3,0.0,10,100000,0.21215766367021974,0.05012548326537074,0.25105117469292165,0.06302669231469586,0.20080115438494497,0.8450773589477313,0.7953056304318074
core_S3_d1_M30,core,3,0.0,30,100000,0.13775989541143088,0.020544203972344185,0.15234805763200643,0.02320993066424515,0.2750932695034511,0.904244514519424,0.8851471497065905
core_S3_d1_M100,core,3,0.0,100,100000,0.08146673459206055,0.007130753218643241,0.08714813755624844,0.007594797879522799,0.3416160855227579,0.934807522874245,0.9388996694525971
core_S3_d1_M300,core,3,0.0,300,100000,0.049106202813240414,0.002569220288372046,0.05139734148449831,0.002641686711674131,0.382166022073795,0.95542301206476,0.9725681236227439
core_S3_d2_M3,core,3,0.5,3,100000,0.31425302624434537,0.13185700253510457,0.42381088931877337,0.17961566990516958,0.3932494537103557,0.7414935155381932,0.7341063427523901
core_S3_d2_M5,core,3,0.5,5,100000,0.2702307936640796,0.0866460028484627,0.33836215005276254,0.1144889445883282,0.45969879782455536,0.7986436828762943,0.7568067219068066
core_S3_d2_M10,core,3,0.5,10,1000000,0.2125617810755638,0.05032534407413291,0.24970126268975926,0.06235072058886015,0.5312888749092465,0.851264341981565,0.8071333193721622
core_S3_d2_M30,core,3,0.5,30,100000,0.13798696883328734,0.020633505357507655,0.15303660826734863,0.02342020346997392,0.6086624078704893,0.9016598733829085,0.8810130699317374
core_S3_d2_M100,core,3,0.5,100,100000,0.08160331843222444,0.007147731449492725,0.08673556567558083,0.007523058353062995,0.65860138139504,0.9408288030016123,0.9501097976440053
core_S3_d2_M300,core,3,0.5,300,100000,0.04904782004981213,0.002539796831963822,0.05080457293503211,0.0025811046311109975,0.6816623541648721,0.9654213630047342,0.9839960772417834
core_S4_d1_M3,core,4,0.0,3,100000,0.5046514230320058,0.3411087725536068,0.6916377071517977,0.478362717954196,0.00265630422389523,0.7296470649499263,0.713075579995907
core_S4_d1_M5,core,4,0.0,5,100000,0.44267773554439105,0.23490098349300326,0.5546952334328575,0.30768680199313225,0.0016169988355144822,0.7980557770521648,0.7634418570161693
core_S4_d1_M10,core,4,0.0,10,100000,0.3524919431260395,0.13898209705163092,0.4087053041199766,0.16704002561580256,0.002139953559911391,0.8624599181188128,0.8320287101206164
core_S4_d1_M30,core,4,0.0,30,100000,0.22669283284274866,0.05441625640608588,0.24329118099324368,0.05919059874908725,-0.0015529429563805625,0.9317757919430875,0.9193395160059099
core_S4_d1_M100,core,4,0.0,100,100000,0.13167986280499003,0.017809435085727254,0.13479511121291463,0.01816972200690202,0.0001014113499982545,0.9768890104404163,0.9801710273256846
core_S4_d1_M300,core,4,0.0,300,100000,0.07766696969944589,0.006102658004450018,0.07839929223655524,0.006146449023192791,0.00044053341913371114,0.990659066986221,0.9928753954392963
core_S4_d2_M3,core,4,0.5,3,100000,0.5049161804692054,0.34206269729390304,0.6904669048993064,0.47674454676122785,0.18790849959171965,0.731267750686529,0.7174968221822604
core_S4_d2_M5,core,4,0.5,5,100000,0.44312029594063684,0.23576296988066767,0.5543042508580062,0.3072532025192555,0.2141217608132086,0.7994170985604603,0.7673246949017316
core_S4_d2_M10,core,4,0.5,10,100000,0.3518615913519248,0.13836150012293522,0.40787500872032073,0.16636202273860173,0.23779493720599287,0.8626701411686534,0.8316892151542142
core_S4_d2_M30,core,4,0.5,30,100000,0.2269701810385193,0.054553795096493114,0.24295160826709794,0.059025483959569414,0.2630702115288803,0.9342197100790176,0.9242413858709018
core_S4_d2_M100,core,4,0.5,100,100000,0.13164728662428563,0.017798668481093634,0.13523488680888981,0.01828847461021324,0.27856892863911814,0.9734713410920801,0.9732177702318556
core_S4_d2_M300,core,4,0.5,300,100000,0.07766346839952576,0.0061026300749071035,0.07821140640746806,0.006117024092234136,0.2865845181185121,0.992994141991417,0.9976468921635757
core_S5_d1_M3,core,5,0.0,3,100000,0.5077677685145184,0.3450119609898572,0.7005117892199622,0.4907167668361527,0.060703270536867346,0.7248525668353575,0.7030775883495634
core_S5_d1_M5,core,5,0.0,5,100000,0.4450163916412869,0.23754776721158508,0.5641051397960799,0.31821460874435487,0.08961016617257797,0.7888890922039059,0.7465017654246812
core_S5_d1_M10,core,5,0.0,10,1000000,0.35554882916362246,0.1417752217362082,0.4169412981511338,0.17384004610395265,0.11582366608158622,0.852755125818077,0.8155498397154683
core_S5_d1_M30,core,5,0.0,30,100000,0.2315481948023284,0.05747866223942884,0.2512797524386434,0.06314151398562592,0.16407788661600659,0.9214757359284927,0.9103149197929238
core_S5_d1_M100,core,5,0.0,100,100000,0.13584948984851855,0.01927115945514916,0.14134439842706892,0.01997823896671,0.20718574950966875,0.9611239735023129,0.9646075155703636
core_S5_d1_M300,core,5,0.0,300,100000,0.0809111083687296,0.006726355779175665,0.08239295889867086,0.006788599676078067,0.23507734375314432,0.9820148402272616,0.9908311139450836
core_S5_d2_M3,core,5,0.5,3,100000,0.5076641715696764,0.34469093304613363,0.7035932138106848,0.49504341052044804,0.2442068430818257,0.7215307959270242,0.6962842565336924
core_S5_d2_M5,core,5,0.5,5,100000,0.4457200798376293,0.23828723735697352,0.5662932836700593,0.32068808312981817,0.29018382442543494,0.7870834648593859,0.7430498664975715
core_S5_d2_M10,core,5,0.5,10,1000000,0.35550723528038003,0.14174383817466665,0.41621921688202845,0.17323843650188903,0.3390222267425561,0.854134602298153,0.818200862561589
core_S5_d2_M30,core,5,0.5,30,100000,0.23190836081463975,0.05769242029131476,0.25259512867691886,0.06380429903130919,0.4015847166153389,0.9181030609313988,0.9042089822663001
core_S5_d2_M100,core,5,0.5,100,100000,0.13593681317756465,0.01929509032877865,0.14177934416235022,0.020101382431106152,0.44796284516123713,0.9587913809356083,0.9598887238183283
core_S5_d2_M300,core,5,0.5,300,100000,0.0809386382023327,0.006731345936062926,0.08282159642795946,0.006859416834875787,0.47382479737633226,0.9772648885455304,0.98132918557133
D1_S1_d1_M3,D1,1,0.0,3,20000,0.20482049323097862,0.058390172327474524,0.2524176674379277,0.06371467883480428,0.000605687703200366,0.811434854421774,0.9164320278356134
D1_S1_d1_M5,D1,1,0.0,5,20000,0.16553504093822258,0.033264292764874595,0.1885784825444451,0.03556184407876558,0.000712285317357124,0.8778045018959598,0.9353927960315511
D1_S1_d1_M10,D1,1,0.0,10,20000,0.12131732478683603,0.016200873607099892,0.13024284994292268,0.01696319996125467,0.001388026287482719,0.9314701332165402,0.9550599912813623
D1_S1_d1_M30,D1,1,0.0,30,20000,0.07195909701307175,0.005357375005508647,0.07437981868162462,0.005532357427111355,0.00044919904058641087,0.9674545903517926,0.9683710924487262
D1_S1_d1_M100,D1,1,0.0,100,20000,0.03983620116480723,0.0016037544718657422,0.040347763098214987,0.001627941987029679,0.0011315323377650967,0.9873211822880366,0.9851422745056971
D1_S1_d2_M3,D1,1,0.5,3,20000,0.20361939281268315,0.057859275859812896,0.25374407131487153,0.0643860537274466,0.49681849844257064,0.8024597057876139,0.8986305653199016
D1_S1_d2_M5,D1,1,0.5,5,20000,0.16713679351517743,0.03375829832623252,0.1901203360143455,0.03614574216620764,0.561684480031126,0.8791105518694547,0.9339495139151653
D1_S1_d2_M10,D1,1,0.5,10,20000,0.12170656745126789,0.01631333606932539,0.13083280354309498,0.017117222482946087,0.6213677509365735,0.9302450467720734,0.9530363986083834
D1_S1_d2_M30,D1,1,0.5,30,20000,0.07203756226358837,0.00536511769808108,0.07300365350062366,0.00532953342443912,0.6751691302516847,0.9867665357730757,1.006676808419811
D1_S1_d2_M100,D1,1,0.5,100,20000,0.03978884862857249,0.0015999616024705322,0.04019890935651793,0.0016159523134535447,0.7048484491970454,0.9897992076275334,0.99010446604774
D1_S2_d1_M3,D1,2,0.0,3,20000,0.3097802745543822,0.12907061730407418,0.41041739215980644,0.16844243578725634,0.004043227035113858,0.7547932433471566,0.766259504030748
D1_S2_d1_M5,D1,2,0.0,5,20000,0.2638977417886449,0.08327235869483875,0.3232120576402253,0.10446603420402834,0.004236187288883206,0.8164848295430719,0.7971237668714686
D1_S2_d1_M10,D1,2,0.0,10,78670,0.2058641318495657,0.04688844030885212,0.23343797654782653,0.054493288894743606,0.0017949946000644298,0.8818793535394978,0.8604443090124251
D1_S2_d1_M30,D1,2,0.0,30,20000,0.12987691540197374,0.017696011552915884,0.13867307371532286,0.01923022137365537,-0.0037510259765074715,0.9365690968139464,0.9202188164697214
D1_S2_d1_M100,D1,2,0.0,100,20000,0.07440304280667803,0.00565450247839335,0.07516973939714554,0.005650489721034773,0.0002917438927353265,0.9898004623054923,1.0007101609872218
D1_S2_d2_M3,D1,2,0.5,3,20000,0.3106434957320802,0.13017653246918406,0.40935505189546134,0.16757155851233585,0.32296458549224283,0.7588607842841781,0.7768414498549947
D1_S2_d2_M5,D1,2,0.5,5,320259,0.26501330552924096,0.08372803307190192,0.3228493913226667,0.10423172947741638,0.3570975155816528,0.8208573801038318,0.8032873817952244
D1_S2_d2_M10,D1,2,0.5,10,87181,0.2056888158172944,0.04681523465542598,0.23304798331326812,0.0543113625263813,0.3964440702022383,0.8826028566863977,0.8619786445734235
D1_S2_d2_M30,D1,2,0.5,30,20000,0.1295779192460022,0.01760405329010849,0.13624628978500988,0.018563051480180892,0.438340629272525,0.9510564981290129,0.9483383326768074
D1_S2_d2_M100,D1,2,0.5,100,20000,0.07438292698802211,0.005649212164140487,0.07581899705032925,0.0057485203137178364,0.4601608630437603,0.981059231615081,0.9827245718623681
D1_S3_d1_M3,D1,3,0.0,3,20000,0.3129080401518185,0.1308390842764851,0.4230826002903327,0.17899888666842942,0.11160605162140623,0.7395908977043516,0.7309491512025231
D1_S3_d1_M5,D1,3,0.0,5,20000,0.26930806837071936,0.08623464025084904,0.3383819597878747,0.11450235070988285,0.14525237669339255,0.7958700532958185,0.7531255010593072
D1_S3_d1_M10,D1,3,0.0,10,43282,0.21198964414426658,0.050130617536263855,0.2482908039851609,0.061648323343597586,0.196946705447496,0.8537957940517851,0.8131708182371858
D1_S3_d1_M30,D1,3,0.0,30,20000,0.13809725250495908,0.020617833072213546,0.15215915619769588,0.023152408814794814,0.27827101628552686,0.9075842424200448,0.8905264777044871
D1_S3_d1_M100,D1,3,0.0,100,20000,0.08162759665338006,0.00712337767140252,0.08682627913489711,0.007538802748411069,0.3434707612994092,0.9401254719963278,0.9448950860140084
D1_S3_d2_M3,D1,3,0.5,3,20000,0.31401694350657217,0.13187611383281214,0.42189106170534696,0.1779920679468649,0.39336027109500976,0.7443081212416982,0.7409100605100025
D1_S3_d2_M5,D1,3,0.5,5,46644,0.2701137027379782,0.08675712150790826,0.33914141881423626,0.1150169019553332,0.4632728741359213,0.7964633269578087,0.7542988902761472
D1_S3_d2_M10,D1,3,0.5,10,22464,0.21277367527438046,0.05040398915319469,0.2506812665240696,0.0628410973861116,0.5303157741073182,0.8487817148233159,0.8020863932960914
D1_S3_d2_M30,D1,3,0.5,30,20000,0.1382112698984021,0.020761935367376496,0.154916315460148,0.023999064795748093,0.6086858113850377,0.8921672935989544,0.8651143510831673
D1_S3_d2_M100,D1,3,0.5,100,20000,0.08152004853724941,0.007117730759063281,0.08701899164379813,0.007572304906703409,0.6580531202250182,0.9368075519760332,0.9399688531773576
D1_S4_d1_M3,D1,4,0.0,3,20000,0.5044499569822294,0.34194863601177583,0.6916003434075035,0.4783110350013769,-0.0012257933949550758,0.7293951800208958,0.7149085239289774
D1_S4_d1_M5,D1,4,0.0,5,20000,0.44381953046738853,0.23616233115158475,0.5525892980898705,0.30535493236345573,-0.0028244337116282666,0.8031634561174724,0.7734027065607937
D1_S4_d1_M10,D1,4,0.0,10,59516,0.35222999598216986,0.13870676570987434,0.4068039498081072,0.16548945357947697,0.0001122540609251584,0.8658470404437314,0.8381607571340481
D1_S4_d1_M30,D1,4,0.0,30,20000,0.22659689640220482,0.05430421612133827,0.2414546805591501,0.05830036276392121,0.0018962555179474108,0.93846553679333,0.9314558871826449
D1_S4_d1_M100,D1,4,0.0,100,20000,0.13158292471299265,0.017783140678150205,0.13472771599021013,0.018151557455938723,0.00244562054633697,0.976658171229994,0.9797032966078631
D1_S4_d2_M3,D1,4,0.5,3,1000000,0.5058751876452084,0.3432503373531081,0.6920390733619057,0.4789180790596051,0.18635186817056143,0.7309922331230251,0.7167203585780438
D1_S4_d2_M5,D1,4,0.5,5,27016,0.44052226002186845,0.23376828041687822,0.5548312115084099,0.3078376732638899,0.20964190077452283,0.793975268305884,0.7593881474555044
D1_S4_d2_M10,D1,4,0.5,10,233643,0.35162796539888025,0.13837810906321382,0.4073994601744553,0.16597432015043756,0.23801116014237203,0.8631036605897987,0.8337320432328881
D1_S4_d2_M30,D1,4,0.5,30,20000,0.2269031530879438,0.05447395713037372,0.2436801216010288,0.05938000166349219,0.2553852720360998,0.9311516737481217,0.9173788414334991
D1_S4_d2_M100,D1,4,0.5,100,20000,0.13176505574276118,0.017840130243779256,0.13415940440673474,0.017998745790769793,0.27835491307482585,0.9821529569651745,0.9911874111210638
D1_S5_d1_M3,D1,5,0.0,3,20000,0.5081473259174663,0.3456815032836555,0.7033065673220354,0.4946401276383048,0.05777094725768547,0.7225118455132978,0.6988545489306275
D1_S5_d1_M5,D1,5,0.0,5,20000,0.44353146889421496,0.2358255926776801,0.5635922045783113,0.31763617306144104,0.08874893677265001,0.7869723273161173,0.7424393462644566
D1_S5_d1_M10,D1,5,0.0,10,73677,0.35499569369311057,0.1413977567825145,0.41483107504452227,0.17208482082259405,0.11702137456332151,0.8557596454291911,0.8216747770466316
D1_S5_d1_M30,D1,5,0.0,30,20000,0.23199585408667636,0.05770210332100217,0.2511360640510512,0.06306932266705369,0.1604163451205075,0.9237854983644085,0.9148996830933899
D1_S5_d1_M100,D1,5,0.0,100,20000,0.13575787054990038,0.0192264690766147,0.1413590569336565,0.019982382977172742,0.2072488847014588,0.9603761760635903,0.9621709832395078
D1_S5_d2_M3,D1,5,0.5,3,20000,0.5097523505758796,0.34917634545740095,0.7041315951753423,0.4958013033241721,0.2396017873011845,0.7239447200902006,0.7042666953803817
D1_S5_d2_M5,D1,5,0.5,5,20000,0.44485363037194836,0.23804803492792112,0.5651569640612368,0.3194023940269141,0.2863314810576072,0.7871328828281886,0.7452919557887291
D1_S5_d2_M10,D1,5,0.5,10,24999,0.35621975480164814,0.1421508139193593,0.41392441807789243,0.17133342388112188,0.3393892794055485,0.8605913042187683,0.8296735727290977
D1_S5_d2_M30,D1,5,0.5,30,20000,0.23177070345926076,0.05760943412685977,0.25316376544100433,0.06409189213226785,0.39853603213443767,0.9154971409732454,0.8988568165216578
D1_S5_d2_M100,D1,5,0.5,100,20000,0.13561558326614642,0.01921681262253055,0.1404240150732948,0.019718904009304927,0.44990398926938296,0.9657577672548489,0.9745375611881142
D2_S1_d1_M5,D2,1,0.0,5,20000,0.18225348486542065,0.03860884595690937,0.20115164314059047,0.04046198353815946,-0.002303217663515395,0.9060501918845307,0.9542005255500534
D2_S1_d1_M10,D2,1,0.0,10,20000,0.13296602241309882,0.01899321010180986,0.14072091094251965,0.019802374776492545,-0.002340208638171387,0.944891711704535,0.9591379981534716
D2_S1_d1_M30,D2,1,0.0,30,20000,0.07855977332784143,0.006317932155848415,0.07935874879594972,0.006297811010458651,-0.00311549793145784,0.9899321060345515,1.003194942712055
D2_S1_d2_M5,D2,1,0.5,5,20000,0.1818943240875036,0.03829977575150738,0.20066381023575214,0.04026596473832994,0.4177475755459999,0.9064630232716254,0.9511699521022302
D2_S1_d2_M10,D2,1,0.5,10,1000000,0.1330910848880642,0.019009147089167722,0.13948016833469787,0.019454717358675655,0.46064649784833284,0.9541936067118706,0.9770970576804996
D2_S1_d2_M30,D2,1,0.5,30,20000,0.07858388858713033,0.00632202699568971,0.07997804899908009,0.006396488321699256,0.49361363592089846,0.9825682117856389,0.9883590304140873
D2_S3_d1_M5,D2,3,0.0,5,20000,0.281133882612126,0.09178520494064553,0.32150260235582073,0.103363923321565,0.14231742116889587,0.8744373468584963,0.8879810478468576
D2_S3_d1_M10,D2,3,0.0,10,32252,0.21338440957278987,0.04935455630444202,0.23082398315784255,0.05327971120085199,0.175467990814694,0.9244464403288322,0.9263292760425623
D2_S3_d1_M30,D2,3,0.0,30,20000,0.13015026159308712,0.017515011036915534,0.1352284567341615,0.018286735510702992,0.212625516462871,0.9624472891008633,0.9577986747095577
D2_S3_d2_M5,D2,3,0.5,5,20000,0.2824142453144524,0.09263821208289368,0.32160756851857897,0.10343142812843248,0.3911982898584314,0.8781330819275717,0.895648583406035
D2_S3_d2_M10,D2,3,0.5,10,90331,0.2133782607193998,0.04937632618618915,0.2302748414764204,0.053026502616990545,0.4397087428023544,0.926624286662463,0.9311631684034198
D2_S3_d2_M30,D2,3,0.5,30,20000,0.1300713288826184,0.017518747748125913,0.13501634209591307,0.01822941263296063,0.4890352117338676,0.9633747060797884,0.9610154809074999
D3_S1_d1_M5,D3,1,0.0,5,20000,0.17062600059484356,0.03471940689015503,0.19264544800944075,0.03711226863875814,0.0035380712993059774,0.8856996225858494,0.9355237004804354
D3_S1_d1_M10,D3,1,0.0,10,20000,0.12480226600217631,0.017029385381300506,0.13307768191180613,0.017709669423019856,-0.001425677409621144,0.9378151483348339,0.9615868582597547
D3_S1_d1_M30,D3,1,0.0,30,20000,0.07354232635206005,0.005580099251105949,0.07478038046914885,0.00559210530311066,0.0020613037662718936,0.983444131878955,0.9978530354215555
D3_S1_d2_M5,D3,1,0.5,5,20000,0.1703131361714321,0.03462151449311792,0.19536845749690507,0.03816883418472,0.5509163367242838,0.8717534977422347,0.9070624039907887
D3_S1_d2_M10,D3,1,0.5,10,20000,0.12445648059935184,0.01690576767885715,0.1327929554372916,0.017633969013770512,0.6137665078785627,0.9372220099290095,0.9587046266019463
D3_S1_d2_M30,D3,1,0.5,30,20000,0.07329245389792065,0.005540502796269106,0.07459479719917915,0.005564383769186665,0.6698888885187106,0.9825410973666024,0.9957082448105391
D3_S3_d1_M5,D3,3,0.0,5,20639,0.27191593398095293,0.08785911898250173,0.33861572646052074,0.11466061020638621,0.14473106545817468,0.8030221656366443,0.7662537189044916
D3_S3_d1_M10,D3,3,0.0,10,22464,0.21375251495974062,0.050831348255381714,0.2514401708146368,0.06322215949929375,0.1982166342630008,0.85011282909651,0.8040115785027804
D3_S3_d1_M30,D3,3,0.0,30,20000,0.13885332282237695,0.020884113195140316,0.15383602387465842,0.023665522241564475,0.27527994788203897,0.9026060302722788,0.8824699908147776
D3_S3_d2_M5,D3,3,0.5,5,25942,0.27295961768835375,0.08836843221783693,0.33975303193240436,0.11543212270726139,0.46129519003626757,0.8034059803259107,0.7655445481319041
D3_S3_d2_M10,D3,3,0.5,10,37574,0.2138120737210695,0.05091606574889368,0.25206414761455986,0.06353633451265461,0.5298801823163779,0.8482446859043875,0.8013692659395178
D3_S3_d2_M30,D3,3,0.5,30,20000,0.13890915378574187,0.02093692983307677,0.1552308800217836,0.02409662611233737,0.6047561509840264,0.8948551587560974,0.868873913529212
D4_S2_d1_M5,D4,2,0.0,5,134196,0.26266163292639677,0.08382479738157288,0.3218771718077816,0.10360491373097615,0.00013633173009159727,0.8160306350748381,0.8090812912526045
D4_S2_d1_M10,D4,2,0.0,10,81362,0.20469228161861083,0.04684209963976198,0.23305258712404808,0.05431350836521202,-0.0023202590925932836,0.8783094156756056,0.8624392172346668
D4_S2_d1_M30,D4,2,0.0,30,20000,0.129711534021743,0.017702894770065206,0.13699893004090408,0.01876870683235253,0.003490933594932598,0.9468069128935149,0.9432133459269484
D4_S2_d2_M5,D4,2,0.5,5,263467,0.26300100887027356,0.08419325818249992,0.3222164944520501,0.10382346929696801,0.3620946271540681,0.8162245366039492,0.8109270355980933
D4_S2_d2_M10,D4,2,0.5,10,42242,0.20431983428542863,0.046666988879006555,0.2322687642123263,0.05394877882872123,0.40222578352092325,0.8796698728661232,0.8650240078124252
D4_S2_d2_M30,D4,2,0.5,30,20000,0.1295377483154349,0.0176820190325967,0.13756545008654708,0.018924253057514273,0.4387941910405592,0.9416444916506167,0.9343575663915402
clamp5_S1_d1_M5,clamp5,1,0.0,5,20000,0.16778770343352417,0.033940420546089665,0.1930775095727938,0.03727892470283228,0.002445297175042722,0.8690173381911429,0.91044526677324
clamp5_S1_d1_M10,clamp5,1,0.0,10,1000000,0.12264868839768207,0.016514644799565974,0.13220135382919418,0.017477197954271797,0.0001579504478331252,0.9277415460975212,0.9449252015555185
clamp5_S1_d1_M30,clamp5,1,0.0,30,20000,0.07256364040508893,0.005441794702631643,0.0751401240168453,0.005646038237266893,-0.00028565838969005404,0.9657109481057183,0.963825336270815
clamp5_S1_d2_M5,clamp5,1,0.5,5,20000,0.16852731708635077,0.034240450400079565,0.19113133861284723,0.03653118859993887,0.5828037443142728,0.8817356604597281,0.9372936307946154
clamp5_S1_d2_M10,clamp5,1,0.5,10,20000,0.12285104994887419,0.01656731376818828,0.1327508365790848,0.017622784612446873,0.6384150888199148,0.9254258060790983,0.9401076011839173
clamp5_S1_d2_M30,clamp5,1,0.5,30,20000,0.07239643340148022,0.005415120042522957,0.07380091235768106,0.00544657466482612,0.6872372035583505,0.9809693551023605,0.9942248799954407
clamp5_S3_d1_M5,clamp5,3,0.0,5,20000,0.270538416264933,0.08757614104367133,0.345246711129206,0.11919529154553342,0.1460693751893752,0.7836089600392632,0.7347281919287613
clamp5_S3_d1_M10,clamp5,3,0.0,10,220605,0.2140469818255573,0.051166774862508486,0.2531584752998514,0.06408921361614549,0.19657204906050385,0.8455058894316343,0.7983679620250239
clamp5_S3_d1_M30,clamp5,3,0.0,30,20000,0.13918728228351573,0.021044284761494007,0.15475123959856835,0.023947946157293506,0.2752870303102504,0.8994259602997287,0.8787511306093708
clamp5_S3_d2_M5,clamp5,3,0.5,5,20000,0.27035248529540484,0.08741303678720436,0.34012614819943265,0.11568579668898243,0.4876789270273127,0.7948594564887258,0.755607337192927
clamp5_S3_d2_M10,clamp5,3,0.5,10,299432,0.2138834360989111,0.05108712480004351,0.2524504021438546,0.06373120554259393,0.5422199457676772,0.8472295321479949,0.8016029881295763
clamp5_S3_d2_M30,clamp5,3,0.5,30,20000,0.1391574171306946,0.020943111820264794,0.15466627384809536,0.023921656266054026,0.6147383575758971,0.8997269648285915,0.8754875326080189
