file,sha256
results/cell_summaries/D1_S1_d1_M10.json,32b90f459838c76bcf5763207e1601418a84c3b5db9a6539fdf4de4bfbf3dc67
results/cell_summaries/D1_S1_d1_M100.json,fae06648b2bd5da4faa1102e656e4723c289845586ea65059be4ce802821dbc1
results/cell_summaries/D1_S1_d1_M3.json,5ab806eb2e6e7446e971795bdc2393d1a13cd863f09eb6858cbf44313c13bec9
results/cell_summaries/D1_S1_d1_M30.json,55a706c741a410fd64d0f5ea411b6ff3a30c596b90a2e1c0192f4cd5a17a01be
results/cell_summaries/D1_S1_d1_M5.json,f9ece6a987891f37390a8d2d7b6d167a59c00dca086f4eb3f8182aca2db19986
results/cell_summaries/D1_S1_d2_M10.json,1936847b6762003a50bf961af7ed556a2ae285419e895362b4298bf18e86d180
results/cell_summaries/D1_S1_d2_M100.json,47dabdae907cadf05cd89fa0d04f4d2be665fbc5bc58f524905835b23d0df771
results/cell_summaries/D1_S1_d2_M3.json,8dc02b582cf6e33b94a8503571fa27b3746ca8faad76c8ac17b5b332bb8d055c
results/cell_summaries/D1_S1_d2_M30.json,9770f83cbc426ae10b62c771a237c90b7642c99cbda298b25a7cba7d32afeb7f
results/cell_summaries/D1_S1_d2_M5.json,c4c27585ddc128f7526d968c1e4a3122533de62378c059ba56552596f71079bd
results/cell_summaries/D1_S2_d1_M10.json,4f2e307a2732f38dcbb9d90a88a7165a657f1ef0ae801adae9bb3010c59a8a09
results/cell_summaries/D1_S2_d1_M100.json,899f829c75e5189acfd5956c1d776f3f45deded25f42332953153dd640b674f0
results/cell_summaries/D1_S2_d1_M3.json,b1de1b961dc329b379eb78aef5ebab5284d1c066fff5b24d4a28ecc6a57d0634
results/cell_summaries/D1_S2_d1_M30.json,ea76fa8c76b1846099e13aa024c2380efa21abcc51846be84f932ef0b13c3248
results/cell_summaries/D1_S2_d1_M5.json,1e2100ae1bda58324d8f46ea68439e7a7f8846dc7ee11c4a49e1e907e7315181
results/cell_summaries/D1_S2_d2_M10.json,fd02d7ee419ed6829b7520c93d563296f90932f834ff12235ffc7dbd47923491
results/cell_summaries/D1_S2_d2_M100.json,705d5f2511ed7ba7ae2e4b32cc36a48b4836700361bfd29b6daa164c658ba8cc
results/cell_summaries/D1_S2_d2_M3.json,4969cba0df2cc7da11fc9b51aa2e8cefbb8fd4e6900852a208c36a00a30e233f
results/cell_summaries/D1_S2_d2_M30.json,686d986388fbfc65a45d3add991e42e09ce72939999c623bf9e6c5b6b7eba189
results/cell_summaries/D1_S2_d2_M5.json,460a40347d73a4b7e81f1804f1d02168fda1eeff6f088b6dc7686a078908a529
results/cell_summaries/D1_S3_d1_M10.json,b19097df5175b107a53aa49e4b43315a26daf9a8430ab8a93af9b7d04a34a949
results/cell_summaries/D1_S3_d1_M100.json,24eca5742d8843e3f829e2016c2ed7ff193bf02de32c1c766a182cd437cfc9ad
results/cell_summaries/D1_S3_d1_M3.json,22c593cc67bd05a44b528bbea54c998ef62442fb6db76d7bd3af578c944ec016
results/cell_summaries/D1_S3_d1_M30.json,7807cefb16188f1f63edfb8ef3c17d043b38a3f6b12512a75b559a3a18fb471f
results/cell_summaries/D1_S3_d1_M5.json,52a6720cebe24d2c0c3c3edec79e1d49ec1089d9d57ab35062f1b830bb0ec39d
results/cell_summaries/D1_S3_d2_M10.json,1324340728412145d50f209e8890a638f446b330e9dd1a5b16fefe06db5974d9
results/cell_summaries/D1_S3_d2_M100.json,719b0019160ac5d8f64724de471df6c489b2c450c0fcb11e54a2e268e01cb7df
results/cell_summaries/D1_S3_d2_M3.json,d64d09c96334e382b5c2ef5b62200a3a14ef2920affeefdda5101953b4488d2a
results/cell_summaries/D1_S3_d2_M30.json,ee10573c9e44d059b88ea9a0ff006da5f2d98e57d78d7dbfb481b0cbef456a8e
results/cell_summaries/D1_S3_d2_M5.json,f0c7d2444846f4aa115bd83c66e30012e4adc4913f6676cf136f13b40f700cfa
results/cell_summaries/D1_S4_d1_M10.json,56dd9d8a1f0ed206f120f16d147e3c49d1df1c7196273cbb92fcec5f92bd86a3
results/cell_summaries/D1_S4_d1_M100.json,620e2e7e9fad48a1487af3ee25ccc4ddb630a92c8d427ac4279562c9c18b010f
results/cell_summaries/D1_S4_d1_M3.json,7010aab7c2c4832f8e99292f5fb9d17b7a8bf00ca1d396adcd426a51536ebb2b
results/cell_summaries/D1_S4_d1_M30.json,c38173ef09f7231bd654c9ec5d359dbdeee338619ec8c0fe32f3166679bc807c
results/cell_summaries/D1_S4_d1_M5.json,53b3e0f24506d07a2d6b0a4350e0cbb87004db6ea16df91e9618af975b791d03
results/cell_summaries/D1_S4_d2_M10.json,240b602c05e2f9f8804d76198b07ac13ed564bc41d7e6e551501cee09db52cf3
results/cell_summaries/D1_S4_d2_M100.json,add8356385fd536e03731e60d89032cf9017a940a1864a17e1df8922f5b54b77
results/cell_summaries/D1_S4_d2_M3.json,e56f5bee890b8dfba69fef9784dcc375b52bd6b1407a9ef8b2ed246da4dca59a
results/cell_summaries/D1_S4_d2_M30.json,f8166bfc997cc97200c071d42257c10308fc09f586fbd0a0438de1402d7bc899
results/cell_summaries/D1_S4_d2_M5.json,f893cd5fa59a342ba4bb363362c57da0125e71089eaf18f4854d58b8eae7c401
results/cell_summaries/D1_S5_d1_M10.json,e6a16c2ca2aa5adad8cd507e52c362b5453fbb4beb2746c9ddc26b312251ea34
results/cell_summaries/D1_S5_d1_M100.json,1dff2673b4cf2520a659e352f58c9ca71e19235cfd5a55821117438e27e48c54
results/cell_summaries/D1_S5_d1_M3.json,522069ce562db1899988280392425626a4010fce8ccc47a008a483188910543d
results/cell_summaries/D1_S5_d1_M30.json,b0f06778067bd27e945994c6a85f93fe2e6d3d009ba17443897bed605fd9f3d5
results/cell_summaries/D1_S5_d1_M5.json,89fb8396501680d8f51ea4602f991da40b656e046b15c19752c3371a4f6ae3da
results/cell_summaries/D1_S5_d2_M10.json,963188ece1fabd4675548b27d0a474a39e643836e9ec45f4c33b7d5ec55612c4
results/cell_summaries/D1_S5_d2_M100.json,41a6f4ef4c7c4502b55207bade6cc76a3b5b5c36acd922d9d14e0bf6c279d8eb
results/cell_summaries/D1_S5_d2_M3.json,74af3b852548d073dec382eb9fb161e2bb97d4d9afd40215c64fea58a1d89b6a
results/cell_summaries/D1_S5_d2_M30.json,a71940d2669d3d9b912f26d558526f014389537daf2e0140071e982f8cf09c8c
results/cell_summaries/D1_S5_d2_M5.json,f62a4f60988cbddddb8af462ffe1a80a3cac7643ac231c0c10a542d7f006cfa3
results/cell_summaries/D2_S1_d1_M10.json,5005a1cd296bf61fb151664537985e4801a46dabc05911015a58e1a3c47e6590
results/cell_summaries/D2_S1_d1_M30.json,26b8715fac58e5ffb60ed5c59c791222add66d484e858a16efe43b921faf020f
results/cell_summaries/D2_S1_d1_M5.json,6d32d2b91c3ad6eb40b423661a95eb9e01d07f791a679f8487423e63489fc90f
results/cell_summaries/D2_S1_d2_M10.json,e9f1a3926db26c370d41278d7f35acc88a3abcffbfea89cbf5c93cde3559d67d
results/cell_summaries/D2_S1_d2_M30.json,94de959a54913d5262582c5e7f7fc6df5cbb9c71ddbc0c6bc5612e4dab67934b
results/cell_summaries/D2_S1_d2_M5.json,3c9dde22761eedc5e3b999b4eb3f6fbb4122b7960cb1b62361b07eae844d2284
results/cell_summaries/D2_S3_d1_M10.json,d8b67aa5021e29de0c0d0686266ac76d63c2f64b9b80ebd4947264bd6d2d43b7
results/cell_summaries/D2_S3_d1_M30.json,360966cfa898a202c95359de31d0b7285a1ad2ce8d5a7497219f600df82855d4
results/cell_summaries/D2_S3_d1_M5.json,86405491dda6afe94abcc2a9f6d94ee0a97a627a7b1c66de0aeaf3bd91e0fec7
results/cell_summaries/D2_S3_d2_M10.json,3fc6c979d43e935d3c2fc13544300e56b35061c3817631ddca3c3eb094f23149
results/cell_summaries/D2_S3_d2_M30.json,5d2e9824fcea8ab37ad599345c5f582798c577099dcab77b62413b1f65b28713
results/cell_summaries/D2_S3_d2_M5.json,3289bf259c4b9f9469f4f0c8b8497e5b5cd48b81a3447131cb8be22a2f2bb673
results/cell_summaries/D3_S1_d1_M10.json,8d3f5023f73664124cc8bda59e8b6757172c86b218c5444f8a48c24ed8a0a6a5
results/cell_summaries/D3_S1_d1_M30.json,f01660e566ff4315b2daf494ee149b40909bcaddc1ea545c174999aae4c91463
results/cell_summaries/D3_S1_d1_M5.json,0699aced1347849a841e73f04cdc446172043ddf432e298a53c04b61d3f0458b
results/cell_summaries/D3_S1_d2_M10.json,679346d95c8e03afe2b9743334a0252f016dd7ecbc58a0d0a2e6e4b7b6bece9a
results/cell_summaries/D3_S1_d2_M30.json,89160a81462ddbdfa2ed7499f286fbb1c001bbdc2b9f113373ba16990b761168
results/cell_summaries/D3_S1_d2_M5.json,e5f9d549bf88e3fc116616543092ae8246b8cb041ef3ac8bd78e20384bce0d75
results/cell_summaries/D3_S3_d1_M10.json,2133ff0735172bfa51da07087ee8499158eca712dfa7ac896f3b552bd1df8610
results/cell_summaries/D3_S3_d1_M30.json,b060f48dad877d480ad97a8121c995367f53ec793da88cd326439f9a65d4b2a3
results/cell_summaries/D3_S3_d1_M5.json,36e9763977fae77dffe91b9bd0ea2e7ce0e4df50a4665987badf1cc819996b74
results/cell_summaries/D3_S3_d2_M10.json,f84743228fc9a0a75069b42720adea21a290c543740065b5e645d0ad2b24c7c2
results/cell_summaries/D3_S3_d2_M30.json,683d28a51ef153a3657b5c2a8ab58e338c9d238c179acb39756b718c9b117129
results/cell_summaries/D3_S3_d2_M5.json,d426cad727d4bdc51fb0a895c2fab279691637ddf86be04a8ab098d4ca191f35
results/cell_summaries/D4_S2_d1_M10.json,d8deac8dc21a93b58f7461ce9c20e0ce110da01e99f19dd3747019cc0e635ecf
results/cell_summaries/D4_S2_d1_M30.json,afa2e3d38bdcaa7b196f937812a40f4d9b052b28c875e014b175008079ae5ee0
results/cell_summaries/D4_S2_d1_M5.json,61046f3e738645decbdc1ae31e43b493d0c906bee58e7f627fba141c00f7d4b5
results/cell_summaries/D4_S2_d2_M10.json,f9a196d7cf8b24009955f967d69e4677fd929f8f9d7ceced08cf3626aacb7238
results/cell_summaries/D4_S2_d2_M30.json,cabede6d5d9331e23ca7d8d4a6e93ed83f1dc38c298b6816ce28c83d55b0aac0
results/cell_summaries/D4_S2_d2_M5.json,1ecfe371dbf9ebab7d5f7b63cfc87dd2aa9c0acffb8dcf9f1c3c535b0e23c77b
results/cell_summaries/clamp5_S1_d1_M10.json,0afe2abc9ee4cac526cd6a20869910ca477167d4f5bb125825b69337d9fa1e6b
results/cell_summaries/clamp5_S1_d1_M30.json,f99966fe4d95b83c4fa1ef969c968f7dc6b6e0431e005e89a5c93db79ffd8513
results/cell_summaries/clamp5_S1_d1_M5.json,5b76c5fe56b70066ab9ca35ad92c8ff6e6f3e601ed204a5a1235fa7b2ef48841
results/cell_summaries/clamp5_S1_d2_M10.json,2a73ace6022811fe74f50d917520ff9450353442c06a96a1365713ef9b4db7fb
results/cell_summaries/clamp5_S1_d2_M30.json,3be869ffb618f6c1de49a6a10d3defb7b4401612a126bf90b6bebc137d06c972
results/cell_summaries/clamp5_S1_d2_M5.json,6947e5d40c0fffa457529ea3d5ef58eaca921bb531647e2114497a9e8b6ca1ca
results/cell_summaries/clamp5_S3_d1_M10.json,68fe64d342999e7263c0edae3bef8a2a8a5263f16ba0ea98f449f30d9cf3de47
results/cell_summaries/clamp5_S3_d1_M30.json,52d3f73efec91a897dadc9d827565dd8110e555bb64d8c65250b56b4557de7a0
results/cell_summaries/clamp5_S3_d1_M5.json,b2c48656d34d689fcedfbb86e8f4d1b0728c6f658733d76b9fa50c23f3aec9cd
results/cell_summaries/clamp5_S3_d2_M10.json,94bdcc377bbcec2a4725c4b6bc4b0867ee1bd818ee06f6215779ba41b74c3e5a
results/cell_summaries/clamp5_S3_d2_M30.json,1c62563a6a5c1efc93abf3942c10c9c08980df285e49ed3668324365a7fe7ed6
results/cell_summaries/clamp5_S3_d2_M5.json,6dfbc84bf17a35a7ba006a5d6e37155174259827bb0b37417462522fb7b8b5d4
results/cell_summaries/core_S1_d1_M10.json,ab9e693946b8d335af1cc6337c704bdc95bed85e11e3e83700ac0f7639c07cf7
results/cell_summaries/core_S1_d1_M100.json,7dacb748291939fece52ef67cc7355989e2315669cfaaa3f97abdaf27c1845f5
results/cell_summaries/core_S1_d1_M3.json,1a62c1460493c8287974c9cf47c69be0f16490acf18ff6eee4db99711304ca3c
results/cell_summaries/core_S1_d1_M30.json,450f12754363e7b991ef723c3578c3b7838901e5baa29c9bdb3f9d078f8ed1f8
results/cell_summaries/core_S1_d1_M300.json,0426712a57725bb210306b73950adfd9ba6ff717af1eeec855e9f5ee65392a44
results/cell_summaries/core_S1_d1_M5.json,668025f10fe16886d6dbb2e7f5c510d16a9283c05b2433426c77be9f6b7262c0
results/cell_summaries/core_S1_d2_M10.json,6ff7aeab3fc0506432d645ab3428e0aeff40053f78f2352784c3ca26b2bb831e
results/cell_summaries/core_S1_d2_M100.json,a9cc3a026bfbf8d6d4fd5b2817f372cb701ff345ce395de9711f73ba03c9e71e
results/cell_summaries/core_S1_d2_M3.json,c0061170c6e55fceb56fef28a655781cfb5d70d9da1977154642de23b2bb92b8
results/cell_summaries/core_S1_d2_M30.json,505cae9afc14a95ee9780e75feda1d3f7feeb0bfa28f1fe35b22187059de2fcb
results/cell_summaries/core_S1_d2_M300.json,781e490f95fd58655cbc2402f68bed427bd45d1c549297c7039e9f0519948833
results/cell_summaries/core_S1_d2_M5.json,d56dd6de9b5d423eef678c727b4434f2435fe84cce66d9ee65d7ac8c4b10b8ef
results/cell_summaries/core_S2_d1_M10.json,8dd54cfd04c71b0674f12573739b3b0e28fa6dacf586e859fb58b852676c7eb0
results/cell_summaries/core_S2_d1_M100.json,de8a04f9df589198035710646e504e913fb923559ffeb788254d600952061ed3
results/cell_summaries/core_S2_d1_M3.json,95f307cfdff0480f69ea014c55fb23f7ac981e20376cfac0cacae7800ad25a89
results/cell_summaries/core_S2_d1_M30.json,e3aa88f41cf893a91d69f33c5a491e809aa2f600718d5cf32216de481b8d1baa
results/cell_summaries/core_S2_d1_M300.json,2acf92dc1b36e3ffdfb5b5e8639ba63efeb52663f7697f6900af151c09ad45a9
results/cell_summaries/core_S2_d1_M5.json,b26c67c8db0020eb6101643f38ed416ca3a6e74e7dc547e6dd75cd847691656b
results/cell_summaries/core_S2_d2_M10.json,7dfe24658f310a20fa0217c53ef1a96f9e57789c0ed6854462095ddd0e1b7a6c
results/cell_summaries/core_S2_d2_M100.json,3a5d9d3830c7cdb1a7ec881ef46aa2d017530c710577cb7d692c60a9c61b7461
results/cell_summaries/core_S2_d2_M3.json,c6dd9efb604635a9a6cfa77a8ee412e3affc1ca31cf95333b176de6b189d9312
results/cell_summaries/core_S2_d2_M30.json,8e2faca8c50e72220a8de0a972c7dce4a97f8320d87347b10e453aa737b35636
results/cell_summaries/core_S2_d2_M300.json,3b3971c11603a7f6db299462745164cd19cde4cbe09de7506f09ece00cabd59f
results/cell_summaries/core_S2_d2_M5.json,3f620e1a45232c9489084261b82f0639cef2f041261a96963c2c65f0bb3d4a25
results/cell_summaries/core_S3_d1_M10.json,09db446b287e6e44010288c1589b15608f4b0b8485446de6ef18acf594f235a9
results/cell_summaries/core_S3_d1_M100.json,acf0b2358b1cdd8f0fd34360f06b22ef116cc82b5fe748da6aeb973337000715
results/cell_summaries/core_S3_d1_M3.json,dc5e4b6a81373748b3b9bc6ed7544df8fbbc783afe62d2ee4b5a5400ba9bb668
results/cell_summaries/core_S3_d1_M30.json,2079aba9ee239cca9943a3fa4770c04ec0269bdd0f6ec8ec866113173aa76ce1
results/cell_summaries/core_S3_d1_M300.json,5c32257ea41b2795daa8758fdcd617630d021f00531dc375df8eb16a2a33ba30
results/cell_summaries/core_S3_d1_M5.json,8f2252cd0fc8bbabf8ce8b4c98e67f5fb3d9056df26900cc1ad1c122ec43c7a8
results/cell_summaries/core_S3_d2_M10.json,1de39160d350ec4bc58a9465a332fb8700783610b7029de62f03ca82b61d1b63
results/cell_summaries/core_S3_d2_M100.json,2a405a3616e7b2fe3e4a8dfcd723e8968489e07bda0d3e682d078a2f797de53a
results/cell_summaries/core_S3_d2_M3.json,3a23265f44f740c9f9878b7c1de50a17e473479eec8a2fc4cb9ef0d883b14db8
results/cell_summaries/core_S3_d2_M30.json,a59afe91f64d717d92a623f6ba103d2e5e8d432bdee618d4f27272a748b83c71
results/cell_summaries/core_S3_d2_M300.json,e807511e5a8123a3166eda252497aa9ffd045d2cc8471c14420fa34872f89d7a
results/cell_summaries/core_S3_d2_M5.json,617babb1f7b41bb89af04374770fb24eb2d92d70ca3732d5edbf5416eb1d0eca
results/cell_summaries/core_S4_d1_M10.json,7e66e7fe70094537b662d90623629e5bee6fe49f1f8fea92684d04b77bb30a6f
results/cell_summaries/core_S4_d1_M100.json,6d468fe481eced8d5788662acac5aac3fa5c0d6d290bad7f214fe828d285923c
results/cell_summaries/core_S4_d1_M3.json,a42a8a15260e061ddc8d6a98d68cdb52fc246ddb24a19d7ff686b90b8669ba0b
results/cell_summaries/core_S4_d1_M30.json,bb422850a0ff3fe3719537eecbf646a885ccfc689adb7276023dd4529ee89947
results/cell_summaries/core_S4_d1_M300.json,a29db7ebdef868d3ced9c2a07edc0f54d22dbe9e61d262a906aa7d5252e6e198
results/cell_summaries/core_S4_d1_M5.json,25e6a416417b6e9a063ab06da3efae22e3f30136bfef274cb523f77f69317acf
results/cell_summaries/core_S4_d2_M10.json,12da0129d60426930b7059c613288a900ef22726355adf78be4bfa3ad5728f59
results/cell_summaries/core_S4_d2_M100.json,ab7ef373b9798db3d7f65efcfaf042ee2dac87c6be6ee4e18ccd41892d8baab8
results/cell_summaries/core_S4_d2_M3.json,2f3aac13499ffaad4bf9e821057a083c0da140500bc0c4ae1a91183f2edbd298
results/cell_summaries/core_S4_d2_M30.json,c1deba9515ecef7cd3dc5b5f56f045a9e352f7648cf9751fad99e95d29413cec
results/cell_summaries/core_S4_d2_M300.json,81c40d3eaf1005ecd7e9c011b71e23b894c41415ca9004ea495894c7c734f64b
results/cell_summaries/core_S4_d2_M5.json,98efe392fa1ba3d61f43d3375cdabf11b4774769cd0943774d1fdb2ab96d3dc0
results/cell_summaries/core_S5_d1_M10.json,aa2eed6ff92b0f164930fd033b65c71157c20cc5dbf42c4f45116a7fab57d054
results/cell_summaries/core_S5_d1_M100.json,5187404069cfd54dd677435fec8a175e2d41bebbf3fb9d460e6b240488e08448
results/cell_summaries/core_S5_d1_M3.json,0ecb7c3c19360166213f39f7659f369f420f6d5486fe02a14d6f1e5f6adae171
results/cell_summaries/core_S5_d1_M30.json,d74ce88867cc34be168641786b84eea0dee3e47b8cfc6fc26f3ec48371383450
results/cell_summaries/core_S5_d1_M300.json,ba8c3674964f6a812c4e7b0df3c9eee636778db4269736986320e0e69becd4f1
results/cell_summaries/core_S5_d1_M5.json,c67926eab53783a6ac2359e130f9236344b56493fa3954a1edd30123572039f9
results/cell_summaries/core_S5_d2_M10.json,cdc06615151bed31934e9be48eb638647074185e413cf8eba68fd1d73e892c7a
results/cell_summaries/core_S5_d2_M100.json,7fc92fe2aaf65a39d28ffa30a07008778d7d511a7c67f5504c35aee04aed541e
results/cell_summaries/core_S5_d2_M3.json,de448a32531a3b9d30a705aeca5f7e6139b170aa6cc06bd173ea5dd7ffd5749f
results/cell_summaries/core_S5_d2_M30.json,c7096d18340c1edcba7f1de63b552e020b8add92e24a308b2aa949bb156efe5d
results/cell_summaries/core_S5_d2_M300.json,1eaefae9f979923aaa0e1dfa86e62c428dd273f61d39ddebf0ab7b5ca8258029
results/cell_summaries/core_S5_d2_M5.json,fa43cdba8095b3e86e498243a32414490efbf69a05424fe8d01270a13ec34bb5
results/analysis/H1_primary_coverage.csv,680a682f9bf0484b9a635acf8b228b26a2b5d42041821fc0086f2c8ecbe4144e
results/analysis/H3_failure_conditions.csv,28901f2826b0192fa7397dddb7655fe9d5b3f25e00f265870456711af9a3ec4b
results/analysis/H4_paired_P4_P1.csv,3d3fab62b471ce12dcc610c37766fff17836dea5f1ee897d5f0a7de0f10e82a5
results/analysis/comparators.csv,5f65922e3348c95c540d5ec979b6f0c107b73e146685d9b0e7f8040e4868f5f8
results/analysis/df_and_covariance_probe.csv,80734ad1bb04c17680ddd0ffdca3d4d004ecc6cf7d66afe72f3d75932ea4a9f6
results/analysis/estimand_map.csv,3b55738440cafaec3eaee9af80b824fbf38a67c75706127172c6c9a3472f9ccc
results/analysis/master_results.csv,1034c69e3c88c27132bb100056bde480b78f9cd6498fa5b3e971291094730497
results/analysis/sensitivity_summary.csv,f43425a5a5570b8e8123c36a62e1c0301c32dc25e2aa870b04202ce6ee2f9f91
results/analysis/summary.json,6432e91dd4cb06eddb2cd914fd6efaa753b567dc1aaf0e63ba4678571f719391
results/analysis/variance_calibration.csv,b8504c0ff00a151ca18b13a604837e162621d60e4904ff1b06612df02adc0d70
results/targets/comparator_targets.json,802a03634db70860d9f6ce50a6c04d0ffdc557d2b2e718ad308d726672c52594
results/targets/exact_targets.json,9b9a251c87fc3ee2fbce7434b6e1ede6e1c1eacb29d61a5f346288f107cb1871
